hotel_1,La Belle Ville,"349 Rue de Belleville, 19th arr., 75019 Paris, France",Paris
hotel_2,Meliá Paris Vendôme,"8 Rue Cambon, 1st arr., 75001 Paris, France",Paris
hotel_3,Hôtel Saint-Pétersbourg Opéra & Spa,"35, Rue Caumartin, 9th arr., 75009 Paris, France",Paris
hotel_5,Welcome Hotel,"66 Rue de Seine, 6th arr., 75006 Paris, France",Paris
hotel_6,Hotel De Seine,"52 Rue De Seine, 6th arr., 75006 Paris, France",Paris
hotel_7,123paris city,"11 Rue Portefoin, 3rd arr., 75003 Paris, France",Paris
hotel_8,Solly Hôtel Paris,"4 rue Salomon de Caus, 3rd arr., 75003 Paris, France",Paris
hotel_9,Le Grey Hotel,"12 rue de Parme, 9th arr., 75009 Paris, France",Paris
hotel_10,Le Petit Beaumarchais Hotel & Spa,"8, Boulevard Beaumarchais, 11th arr., 75011 Paris, France",Paris
hotel_11,Hotel L’Antoine,"10 - 12 rue de Charonne, 11th arr., 75011 Paris, France",Paris
hotel_12,Hôtel Parisianer,"5 rue hector malot, 12th arr., 75012 Paris, France",Paris
hotel_13,Yuna Montmartre - ApartHotel,"5 Rue du Baigneur, 18th arr., 75018 Paris, France",Paris
hotel_14,Hôtel La Conversation,"61 rue Brancion, 15th arr., 75015 Paris, France",Paris
hotel_15,Hôtel Des Marronniers,"21 Rue Jacob, 6th arr., 75006 Paris, France",Paris
hotel_16,Villa Marquis Member of Meliá Collection,"35 Rue Jean Goujon, 8th arr., 75008 Paris, France",Paris
hotel_17,Plaza Tour Eiffel,"32 Rue Greuze, 16th arr., 75016 Paris, France",Paris
hotel_18,Apart hotel Centre de Paris by Studio prestige,"47 Rue Albert Thomas, 10th arr., 75010 Paris, France",Paris
hotel_19,Austin's Arts Et Metiers Hotel,"6 Rue Montgolfier, 3rd arr., 75003 Paris, France",Paris
hotel_20,Hôtel Artemisia Montmartre,"11, rue Fromentin, 9th arr., 75009 Paris, France",Paris
hotel_21,Normandy Le Chantier,"7, Rue de l'Echelle, 1st arr., 75001 Paris, France",Paris
hotel_22,Hôtel Monte Cristo,"20 Rue Pascal, 5th arr., 75005 Paris, France",Paris
hotel_23,Novotel Paris Centre Tour Eiffel,"61 Quai De Grenelle, 15th arr., 75015 Paris, France",Paris
hotel_24,Hôtel National Des Arts et Métiers,"243 rue saint Martin, 3rd arr., 75003 Paris, France",Paris
hotel_25,Yuna Porte-Maillot - ApartHotel,"48 Rue Jacques Ibert, 75017 Paris, France",Paris
hotel_26,Le Robinet d'Or Paris Canal Saint Martin,"17 Rue Robert Blache, 10th arr., 75010 Paris, France",Paris
hotel_27,Hôtel Alexandrine Opera,"10 Rue De Moscou, 8th arr., 75008 Paris, France",Paris
hotel_28,La Dépendance,"20 Rue Molière, 1st arr., 75001 Paris, France",Paris
hotel_29,Maison Eugenie,"167, rue de Rome, 17th arr., 75017 Paris, France",Paris
hotel_30,Résidence Nell Paris,"60 rue Richer, 9th arr., 75009 Paris, France",Paris
hotel_31,Maison Colbert Member of Meliá Collection Notre-Dame,"7 Rue De L'hôtel Colbert, 5th arr., 75005 Paris, France",Paris
hotel_32,Elysées Union,"44, Rue de l'Amiral Hamelin, 16th arr., 75016 Paris, France",Paris
hotel_33,Angleterre Hotel,"6 rue Bervic, 18th arr., 75018 Paris, France",Paris
hotel_34,Les Rebelles,"65 Boulevard de Belleville, 11th arr., 75011 Paris, France",Paris
hotel_35,Le Relais du Marais,"76, rue de Turbigo, 3rd arr., 75003 Paris, France",Paris
hotel_36,Hotel Royal Phare,"40, Avenue De La Motte-Picquet, 7th arr., 75007 Paris, France",Paris
hotel_37,Hôtel du Mont Blanc,"28 Rue de la Huchette , 5th arr., 75005 Paris, France",Paris
hotel_38,Aparthotel Adagio Porte de Versailles,"16, rue Eliane Jeannin Garreau, 92130 Paris, France",Paris
hotel_39,Pavillon Nation,"13 Boulevard De Charonne, 11th arr., 75011 Paris, France",Paris
hotel_40,B&B HOTEL Paris 17 Batignolles,"4 Boulevard Berthier, 17th arr., 75017 Paris, France",Paris
hotel_41,Kraft Hotel,"37, rue du Hameau, 15th arr., 75015 Paris, France",Paris
hotel_42,Hôtel des Batignolles,"26-28 Rue Des Batignolles, 17th arr., 75017 Paris, France",Paris
hotel_43,MAISON LA BOHEME Montmartre Luxury Apart'Hotel,"1 Rue Saint-Rustique, 18th arr., 75018 Paris, France",Paris
hotel_44,Novotel Paris Vaugirard Montparnasse,"257, Rue De Vaugirard, 15th arr., 75015 Paris, France",Paris
hotel_45,La Perle Saint Germain des Prés,"14 rue des Canettes, 6th arr., 75006 Paris, France",Paris
hotel_46,Résidence du Pré,"Rue Pierre Semard 15, 9th arr., 75009 Paris, France",Paris
hotel_47,Austin's Saint Lazare Hotel,"26 Rue d'Amsterdam, 9th arr., 75009 Paris, France",Paris
hotel_48,B&B HOTEL Paris Porte des Lilas,"23 Avenue René Fonck, 19th arr., 75019 Paris, France",Paris
hotel_49,CARD Hôtel,"104 Rue Cardinet, 17th arr., 75017 Paris, France",Paris
hotel_50,Hôtel Le Walt by Inwood Hotels,"37 Avenue De La Motte Picquet, 7th arr., 75007 Paris, France",Paris
hotel_100,Giubileo Roma,"Via Carlo Alberto, 15, Central Station, 00185 Rome, Italy",Rome
hotel_101,Sonder Piazza San Pietro,"Via delle Fornaci 38, Aurelio, 00165 Rome, Italy",Rome
hotel_102,Hotel Le Petit,"Via Torino 122, Central Station, 00184 Rome, Italy",Rome
hotel_103,Casa San Giuseppe,"Via Iberia 27, San Giovanni, 00183 Rome, Italy",Rome
hotel_104,Elegantia Luxury Rooms,"21 Via Pietro Cavallini piano 3°, Vaticano Prati, 00193 Rome, Italy",Rome
hotel_105,Hotel Residenza In Farnese,"Via Del Mascherone 59, Navona, 00186 Rome, Italy",Rome
hotel_106,Alloggi Costantini - Ospedale Gemelli - Metro Battistini,"Via Cardinale Garampi, 207, 00167 Rome, Italy",Rome
hotel_107,Le Stanze Di Orazio,"Via Orazio,3 - First Floor - Step B, Vaticano Prati, 00193 Rome, Italy",Rome
hotel_108,Navona Central Suites,"Via Della Scrofa 22, Spagna, 00186 Rome, Italy",Rome
hotel_109,hu Roma Camping In Town,"Via Aurelia 831, 00165 Rome, Italy",Rome
hotel_110,DolceVeneto,"14 Via Lazio, Via Veneto, 00187 Rome, Italy",Rome
hotel_111,Passepartout,"118 Via del Governo Vecchio, Navona, 00186 Rome, Italy",Rome
hotel_112,HT Residence Maximus,"Via Capo D'Africa 20-30 (Check-in at Piazza del Colosseo, 9), 00184 Rome, Italy",Rome
hotel_113,Affreschi Su Roma Luxury B&B,"Via Giuseppe Zanardelli 7, Navona, 00186 Rome, Italy",Rome
hotel_114,Trevi Private Suites by Premium Suites Collection,"Via Zucchelli n. 32, Trevi, 00187 Rome, Italy",Rome
hotel_115,Borgo Pio 91,"Borgo Pio 91, Vaticano Prati, 00100 Rome, Italy",Rome
hotel_116,LE RÊVE DE NAIM Roma,"Via Mario De' Fiori 3, Spagna, 00187 Rome, Italy",Rome
hotel_117,Morin 10 Rome Exclusive Suites,"Via Costantino Morin 10, Vaticano Prati, 00195 Rome, Italy",Rome
hotel_118,San Pietro Grand Suite,"6 Via Ottaviano, Vaticano Prati, 00192 Rome, Italy",Rome
hotel_119,Roman Holidays Boutique Hotel,"Via Cavour 47, Central Station, 00184 Rome, Italy",Rome
hotel_120,Home at Rome Vatican Apartment&Rooms,"13 Piazza Stazione di San Pietro, Aurelio, 00165 Rome, Italy",Rome
hotel_121,Il Corso Comfort Rooms,"Via Della Fontanella 4, Spagna, 00187 Rome, Italy",Rome
hotel_122,PAX hotel,"Via di Campo Marzio 12, Spagna, 00186 Rome, Italy",Rome
hotel_123,Hotel Cortina,"Via Nazionale 18, Central Station, 00184 Rome, Italy",Rome
hotel_124,Hotel dei Barbieri,"Via Dei Barbieri 3A, Pantheon, 00186 Rome, Italy",Rome
hotel_125,Rome Frattina27,"Via Frattina 27, Spagna, 00187 Rome, Italy",Rome
hotel_126,Archi di Roma Guest House,"13 Via Enrico Cialdini A building, 5th floor, Central Station, 00185 Rome, Italy",Rome
hotel_127,Fellini Design Suites,"Piazza di Spagna 32 - terzo piano interno 3, Spagna, 00187 Rome, Italy",Rome
hotel_128,JC Hotel,"Via Del Fosso Di Acqua Acetosa Ostiense 43 45, Fonte Ostiense, 00143 Rome, Italy",Rome
hotel_129,DEZA cozy place Nazionale,"5 Via Nazionale, Central Station, 00184 Rome, Italy",Rome
hotel_130,Hotel Maximus,"Via Firenze 12, Central Station, 00184 Rome, Italy",Rome
hotel_131,Residenza a San Pietro,"Via di Santa Maria alle Fornaci 18, Aurelio, 00165 Rome, Italy",Rome
hotel_132,The Steps at Eitch Belsiana,"VIA BELSIANA 27, Spagna, 00187 Rome, Italy",Rome
hotel_133,Mellini Palace Suites by Premium Suites Collection,"Lungotevere dei Mellini 44 Piano 5, Vaticano Prati, 00193 Rome, Italy",Rome
hotel_134,Home at Rome Vatican Suites,"13 Piazza Stazione di San Pietro, Aurelio, 00165 Rome, Italy",Rome
hotel_135,247 Luxury Rooms Trastevere,"Viale Di Trastevere 247, Gianicolense, 00153 Rome, Italy",Rome
hotel_136,Domus Domas - Golden Keys Collection,"Via Carlo Alberto 53, Central Station, 00185 Rome, Italy",Rome
hotel_137,Moderno Hotel Roma,"Via Magenta 2, Central Station, 00185 Rome, Italy",Rome
hotel_138,48 Fourty Eight Luxury Suites,"48 Via Angelo Brunetti Interno 11;12;13 Piano 4, Spagna, 00186 Rome, Italy",Rome
hotel_139,Hotel Millerose,"Via Daniele Manin 58, Central Station, 00185 Rome, Italy",Rome
hotel_140,Stefano House Roma,"Piazza del Risorgimento 14, Vaticano Prati, 00192 Rome, Italy",Rome
hotel_141,Villa Pirandello,"Via Antonio Bosio 15B, Nomentano, 00161 Rome, Italy",Rome
hotel_142,Hotel Lunetta,"Piazza Del Paradiso 68, Navona, 00186 Rome, Italy",Rome
hotel_143,Charme Spagna Boutique Hotel,"37 Via della Mercede, Spagna, 00187 Rome, Italy",Rome
hotel_144,St. Peter Vatican Rooms,"Via Otranto 18 piano 3,scala A,interno 5, Vaticano Prati, 00192 Rome, Italy",Rome
hotel_145,The Couper Colonna,"35 Via della Colonna Antonina, Pantheon, 00186 Rome, Italy",Rome
hotel_146,Esposizione Palace Hotel,"Via Nazionale 66, Rione Monti, 00184 Rome, Italy",Rome
hotel_200,CPH Studio Hotel,"Krimsvej 29, Amager Øst, 2300 Copenhagen, Denmark",Copenhagen
hotel_201,Best Western Hotel Hebron,"Helgolandsgade 4, Vesterbro, 1653 Copenhagen, Denmark",Copenhagen
hotel_202,AC Hotel by Marriott Bella Sky Copenhagen,"Center Boulevard 5, Amager Vest, 2300 Copenhagen, Denmark",Copenhagen
hotel_203,Motel One Copenhagen,"Løngangstræde 27, 1468 Copenhagen, Denmark",Copenhagen
hotel_204,City Hotel Nebo,"Istedgade 6, Vesterbro, 1650 Copenhagen, Denmark",Copenhagen
hotel_205,WIDE Hotel,"61 Studiestræde, 1554 Copenhagen, Denmark",Copenhagen
hotel_206,Cabinn City,"Mitchellsgade 14, 1568 Copenhagen, Denmark",Copenhagen
hotel_207,Hotel Kong Arthur,"Nørre Søgade 11, 1370 Copenhagen, Denmark",Copenhagen
hotel_208,Best Western Plus Airport Hotel,"Kastruplundgade 15, DK-2770 Copenhagen, Denmark",Copenhagen
hotel_209,Comfort Hotel Copenhagen Airport,"Ellehammersvej Kastrup, 2770 Copenhagen, Denmark",Copenhagen
hotel_210,Zoku Copenhagen,"Amagerfælledvej 108, Amager Vest, 2300 Copenhagen, Denmark",Copenhagen
hotel_211,Ibsens Hotel,"Vendersgade 23, 1363 Copenhagen, Denmark",Copenhagen
hotel_212,Hotel Maritime,"19 Peder Skrams Gade, 1054 Copenhagen, Denmark",Copenhagen
hotel_213,Scandic Kødbyen,"3 Skelbækgade, Vesterbro, 1717 Copenhagen, Denmark",Copenhagen
hotel_214,citizenM Copenhagen Radhuspladsen,"H.C. Andersens Boulevard 12, 1553 Copenhagen, Denmark",Copenhagen
hotel_215,Copenhagen Go Hotel,"Gemmas Alle 203, 2770 Copenhagen, Denmark",Copenhagen
hotel_216,Generator Copenhagen,"Adelgade 5 -7, 1304 Copenhagen, Denmark",Copenhagen
hotel_217,STAY Bryggen,"Knud Kristensens Gade 6, Amager Vest, 2300 Copenhagen, Denmark",Copenhagen
hotel_218,STAY Nordhavn,"5 Fortkaj, Østerbro, 2150 Copenhagen, Denmark",Copenhagen
hotel_219,"Crowne Plaza Copenhagen Towers, an IHG Hotel","Ørestads Boulevard 114-118, Amager Vest, 2300 Copenhagen, Denmark",Copenhagen
hotel_220,Clarion Hotel Copenhagen Airport,"Ellehammersvej 20, 2770 Copenhagen, Denmark",Copenhagen
hotel_221,Zleep Hotel Copenhagen Airport,"Løjtegaardsvej 97A, 2770 Copenhagen, Denmark",Copenhagen
hotel_222,Scandic Falkoner,"Falkoner Alle 9, Frederiksberg, 2000 Copenhagen, Denmark",Copenhagen
hotel_223,Ascot Hotel,"Studiestræde 61, 1554 Copenhagen, Denmark",Copenhagen
hotel_224,Scandic Copenhagen,"Vester Søgade 6, 1601 Copenhagen, Denmark",Copenhagen
hotel_225,Moxy Copenhagen Sydhavnen,"Sydhavns Plads 2, Sydhavnen, 2450 Copenhagen, Denmark",Copenhagen
hotel_226,Cabinn Apartments,"Arne Jacobsens Allé 4, Amager Vest, 2300 Copenhagen, Denmark",Copenhagen
hotel_227,Hotel Skt. Annæ,"Sankt Annae Plads 14-20, 1250 Copenhagen, Denmark",Copenhagen
hotel_228,Scandic Palace Hotel,"Rådhuspladsen 57, 1550 Copenhagen, Denmark",Copenhagen
hotel_229,Charlottehaven,"12C Hjørringgade, Østerbro, 2100 Copenhagen, Denmark",Copenhagen
hotel_230,Comfort Hotel Vesterbro,"Vesterbrogade 23-29, Vesterbro, 1620 Copenhagen, Denmark",Copenhagen
hotel_231,STAY Seaport,"Murmanskgade 15, Østerbro, 2150 Copenhagen, Denmark",Copenhagen
hotel_232,CPH Hotel,"Tietgensgade 65, Vesterbro, 1704 Copenhagen, Denmark",Copenhagen
hotel_233,Scandic Spectrum,"10 Kalvebod Brygge, 1560 Copenhagen, Denmark",Copenhagen
hotel_234,Scandic CPH Strandpark,"401 Amager Strandvej, 2770 Copenhagen, Denmark",Copenhagen
hotel_235,NH Collection Copenhagen,"Strandgade 7, Christianshavn, 1401 Copenhagen, Denmark",Copenhagen
hotel_236,Hotel Mayfair,"Helgolandsgade 3, Vesterbro, 1653 Copenhagen, Denmark",Copenhagen
hotel_237,Scandic Norreport,"18 Frederiksborggade, 1360 Copenhagen, Denmark",Copenhagen
hotel_238,Grand Joanne,"Vesterbrogade 9, Vesterbro, DK-1620 Copenhagen, Denmark",Copenhagen
hotel_239,Hotel Tiffany,"Colbjørnsensgade 28, Vesterbro, 1652 Copenhagen, Denmark",Copenhagen
hotel_300,SmartStay at Grande Signature - Downtown Dubai City Views - Brand New Luxury Apartments,"Grande Signature Residences, Opera District, Downtown Dubai, Dubai, United Arab Emirates",Dubai
hotel_301,ibis Styles Dubai Airport Hotel,"Casablanca St Off Airport Road Al Garhoud Next to Ggico Metro Station, Garhoud, 13868 Dubai, United Arab Emirates",Dubai
hotel_302,Resivation Hotel,"Resivation Al Furjan Dubai, Dubai, United Arab Emirates",Dubai
hotel_303,"Lemon Tree Hotel, Jumeirah Dubai","Al Wasl Road, Umm Al Sheif, Jumeirah Dubai 122487, United Arab Emirates, Dubai, United Arab Emirates",Dubai
hotel_304,Centara Mirage Beach Resort Dubai,"Dubai Islands, Dubai, United Arab Emirates",Dubai
hotel_305,First Central Hotel Suites,"Al Barsha, Tecom, Barsha Heights (Tecom) , Dubai, United Arab Emirates",Dubai
hotel_306,Golden Sands Suites,"15 B St, Al Mankhool Road, Bur Dubai, Bur Dubai, Dubai, United Arab Emirates",Dubai
hotel_307,Luxury JBR Shams - Marina View - Free 5 star Beach Resorts Access!,"Al Mamsha Street Shams, Jumeirah Beach Residence, Jumeirah Beach Residence, Dubai, United Arab Emirates",Dubai
hotel_308,Dunya Tower · Downtown Luxury · 5 Min Walk To Dubai Mall!,"Dunya Tower, Downtown Dubai, Dubai, United Arab Emirates",Dubai
hotel_309,Citymax Hotel Al Barsha at the Mall,"Al Barsha, Al Barsha, Dubai, United Arab Emirates",Dubai
hotel_310,Golden Sands Boutique Hotel-Dubai Creek,"Banyas Street, Dubai, United Arab Emirates",Dubai
hotel_311,Ultra Luxury Palm Tower with Shared Hotel Facilities,"Palm Tower, Palm Jumeirah, Dubai, United Arab Emirates",Dubai
hotel_312,"Th8 Palm Dubai Beach Resort, Vignette Collection, an IHG hotel","West Crescent, Palm Jumeirah, null Dubai, United Arab Emirates",Dubai
hotel_313,Millennium Place Barsha Heights Hotel Apartments,"First Al Khail Street Tecom, Barsha Heights, Barsha Heights (Tecom) , Dubai, United Arab Emirates",Dubai
hotel_314,Kasco Homes Waves Tower Business Bay,"Marasi Drive, Dubai, United Arab Emirates",Dubai
hotel_315,Luxury JBR · Marina View · 5* Beach Resorts Access,"Al Mamsha Street Jumeirah Beach Residence, Dubai, Jumeirah Beach Residence, Dubai, United Arab Emirates",Dubai
hotel_316,Emaar Residences Dubai Marina by Qstay - formerly Address Dubai Marina,"Address Dubai Marina, Dubai Marina, Dubai, United Arab Emirates",Dubai
hotel_317,"FORM Hotel Al Jaddaf, Dubai, a Member of Design Hotels","Al Jadaf, Bur Dubai, Dubai, United Arab Emirates",Dubai
hotel_318,Studio M Al Barsha Hotel by Millennium,"Street 5 Al Barsha, Al Barsha, Dubai, United Arab Emirates",Dubai
hotel_319,"JA The Resort - JA Palm Tree Court, Dubai","Exit 13, Sheikh Zayed Road, Jebel Ali, Dubai, United Arab Emirates",Dubai
hotel_320,The Lana - Dorchester Collection,"Marasi Drive Burj Khalifa District, Dubai, United Arab Emirates",Dubai
hotel_321,Maison Privee - Fabulous Studio with Direct Burj Khalifa Views,"Financial Center Rd, Downtown Dubai, Dubai, United Arab Emirates",Dubai
hotel_322,Swissôtel Al Murooj Dubai,"Al Mustaqbal Street, Opposite The Dubai Mall, Downtown Dubai, Trade Center Area, 117546 Dubai, United Arab Emirates",Dubai
hotel_323,Gateway Hotel,"Khaleed Bin Waleed Street, Bur Dubai, Dubai, United Arab Emirates",Dubai
hotel_324,SIMPLY COMFORT in J ONE Tower,"12 Marasi Drive, Dubai, United Arab Emirates",Dubai
hotel_325,"Holiday Inn & Suites - Dubai Festival City Mall, an IHG Hotel","Gateway Avenue, Dubai Festival City, 000 Dubai, United Arab Emirates",Dubai
hotel_326,VOGO Grand Hotel Formerly Best Western Plus Hotel Dubai Academic City,"Al Ruwayyah First, 111658 Dubai, United Arab Emirates",Dubai
hotel_327,SO/ Uptown Dubai,"Uptown Tower Uptown, Jumeirah Lake Towers, 337777 Dubai, United Arab Emirates",Dubai
hotel_328,Paramount Hotel Midtown,"Al Mustaqbal Street, Dubai, United Arab Emirates",Dubai
hotel_329,"Staybridge Suites Dubai Al-Maktoum Airport, an IHG Hotel","Aviation City A, Dubai World Central, null Dubai, United Arab Emirates",Dubai
hotel_330,Ibis Al Rigga,"Al Rigga Road, Dubai, United Arab Emirates",Dubai
hotel_331,"Barcelo Al Jaddaf, Dubai","326 Al Khail Road, Al Jaddaf Area, United Arab Emirates, Bur Dubai, Dubai, United Arab Emirates",Dubai
hotel_332,Paramount Hotel Dubai,"Marasi Drive, Dubai, United Arab Emirates",Dubai
hotel_333,GLOBALSTAY at Palm Jumeirah Beachfront Paradise with Pool and Gym,"Sarai Apartments, Palm Jumeirah East Crescent Rd, Palm Jumeirah, Dubai, United Arab Emirates",Dubai
hotel_334,SIMPLY COMFORT in Sarai Palm Jumeirah,"Crescent Road, Palm Jumeirah, Dubai, United Arab Emirates",Dubai
hotel_335,Hampton By Hilton Dubai Airport,"Damascus Street, Al Qusais, Al Qusais, Dubai, United Arab Emirates",Dubai
hotel_336,Al Fattan I Sea View I Luxury JBR I Free 5 Star Beach Resorts Access!,"Al Fattan Marine Tower, Jumeirah Beach Residence, Dubai, United Arab Emirates",Dubai
hotel_337,Millennium Executive Apartments Mont Rose,"Dubai Science Park, Al Barsha South Dubai, Al Barsha, Dubai, United Arab Emirates",Dubai
hotel_338,Anantara The Palm Dubai Resort,"The Palm Jumeirah, Crescent Road (East), Palm Jumeirah, 71607 Dubai, United Arab Emirates",Dubai
hotel_339,ibis Styles Dubai Deira,"ibis Styles Dubai Deira Maitha Plaza Al Khaleej Road 110 Deira, 15472 Dubai, United Arab Emirates",Dubai
hotel_340,DoubleTree by Hilton Dubai - Business Bay,"Bay Square 5, Business Bay , Dubai, United Arab Emirates",Dubai
hotel_341,"Element Al Mina, Dubai Jumeirah","Sheikh Rashid Road & 37th Street, Bur Dubai, Dubai, United Arab Emirates",Dubai
hotel_342,Pullman Dubai Downtown,"Marasi Drive, Business Bay, Dubai, United Arab Emirates",Dubai
hotel_343,Beach Walk Boutique Jumeirah,"Beach Walk Boutique Jumeirah Jumeirah Beach Road Next to Umm Suqeim Umm Suqeim Dubai - United Arab Emirates, Umm Suqeim, Dubai, United Arab Emirates",Dubai
hotel_344,LUX 1BR Burj Khalifa and Fountain Views,"15 Sheikh Mohammed bin Rashid Blvd, Downtown Dubai, Dubai, United Arab Emirates",Dubai
hotel_345,FAM Living - City Walk - Urban Staycations,"City Walk , Building 6A, Al Wasl, Dubai, United Arab Emirates",Dubai
hotel_346,Jannah Marina Hotel Apartments,"Al Seba Street, Dubai Marina, Dubai, United Arab Emirates",Dubai
hotel_347,Silvia s holiday homes Marina & JBR Atlantic,"Al Marsa Street, Jumeirah Beach Residence, Dubai, United Arab Emirates",Dubai
hotel_400,Sakura Hotel Nippori,"Tokyo-to, Tokyo, Bunkyo-ku Sendagi 3-43-15, Japan",Tokyo
hotel_401,MONday Apart Premium Asakusa,"Tokyo-to, Tokyo, Taitoku Nishiasakusa 2-16-5, Japan",Tokyo
hotel_402,Henn na Hotel Tokyo Haneda,"Tokyo-to, Tokyo, Higashikojiya 2-11-18, Japan",Tokyo
hotel_403,Henn na Hotel Tokyo Nishikasai,"Tokyo-to, Tokyo, Edogawa-ku Nishikasai 5-4-7, Japan",Tokyo
hotel_404,Comfort Hotel Tokyo Higashi Kanda,"Tokyo-to, Tokyo, Chiyoda-ku Higashi-Kanda 1-9-10, Japan",Tokyo
hotel_405,Hotel GrandBach Tokyo Ginza,"Tokyo-to, Tokyo, Chuo-ku Ginza 5-13-12, Japan",Tokyo
hotel_406,Hotel Musse Ginza Meitetsu,"Tokyo-to, Tokyo, Chuo-ku Ginza 7-12-9, Japan",Tokyo
hotel_407,Henn na Hotel Tokyo Asakusabashi,"Tokyo-to, Tokyo, Taito-ku Asakusabashi 1-10-5, Japan",Tokyo
hotel_408,Hotel JAL City Tokyo Toyosu,"Tokyo-to, Tokyo, Koto-ku Toyosu 6-4-20, Japan",Tokyo
hotel_409,Comfort Hotel Tokyo Higashi Nihombashi,"Tokyo-to, Tokyo, Chuo-ku Nihombashi Bakurocho 1-10-11, Japan",Tokyo
hotel_410,KOKO HOTEL Tsukiji Ginza,"Tokyo-to, Tokyo, 6-8-8 Tsukiji, Chuo-ku, Japan",Tokyo
hotel_411,"The Prince Park Tower Tokyo - Preferred Hotels & Resorts, LVX Collection","Tokyo-to, Tokyo, Minato-ku, Shiba Koen 4-8-1 , Japan",Tokyo
hotel_412,hotel MONday Tokyo Nishikasai,"Tokyo-to, Tokyo, Edogawa-ku Nishikasai 6-8-7, Japan",Tokyo
hotel_413,Richmond Hotel Premier Tokyo Schole,"Tokyo-to, Tokyo, Sumida-ku Oshiage 1, Japan",Tokyo
hotel_414,Best Western Hotel Fino Tokyo Akasaka,"Tokyo-to, Tokyo, Minato-ku, Akasaka 3-7-12, Japan",Tokyo
hotel_415,Grand Prince Hotel Shin Takanawa,"Tokyo-to, Tokyo, Minato-ku, Takanawa 3-13-1, Japan",Tokyo
hotel_416,Hotel Resol Akihabara,"Tokyo-to, Tokyo, Chiyoda-ku Kanda Sudacho 2-25, Japan",Tokyo
hotel_417,Hotel Wing International Premium Tokyo Yotsuya,"Tokyo-to, Tokyo, Shinjuku-ku Yotsuya3-14-1, Japan",Tokyo
hotel_418,ICI HOTEL Asakusabashi,"Tokyo-to, Tokyo, Taito-ku Asakusabashi 1-26-6, Japan",Tokyo
hotel_419,MIMARU Tokyo Kinshicho,"Tokyo-to, Tokyo, Sumida-ku Kotobashi 4-11-5, Japan",Tokyo
hotel_420,Hotel Gracery Shinjuku,"Tokyo-to, Tokyo, Shinjuku-ku Kabukicho 1-19-1, Japan",Tokyo
hotel_421,"Mandarin Oriental, Tokyo","Tokyo-to, Tokyo, Chuo-ku Nihonbashi Muromachi 2-1-1, Japan",Tokyo
hotel_422,THE KITANO HOTEL TOKYO,"Tokyo-to, Tokyo, Chiyoda-ku Hirakawacho 2-16-15 , Japan",Tokyo
hotel_423,Minn Nishi Kasai,"Tokyo-to, Tokyo, Edogawa-ku Nishikasai 3-13-17, Japan",Tokyo
hotel_424,hotel MONday Premium Ueno Okachimachi,"Tokyo-to, Tokyo, Taito-ku, Taito 3-41-7, Japan",Tokyo
hotel_425,Tokyo Bay Shiomi Prince Hotel,"Tokyo-to, Tokyo, Koto-ku Shiomi 2-8-16, Japan",Tokyo
hotel_426,Minn Kasai,"Tokyo-to, Tokyo, Edogawa-ku Nakakasai 3-32-13, Japan",Tokyo
hotel_427,Hotel BaliAn Resort Shinjuku Glamping,"Tokyo-to, Tokyo, 新宿区歌舞伎町2-29-11, Japan",Tokyo
hotel_428,HOTEL PetitBali Higashi-Shinjuku,"Tokyo-to, Tokyo, Shinjuku-ku Kabukicho 2-5-1 , Japan",Tokyo
hotel_429,Candeo Hotels Tokyo Roppongi,"Tokyo-to, Tokyo, Minato-ku Roppongi 6-7-11, Japan",Tokyo
hotel_430,Hotel Tokyo Trip Ueno Nishi Nippori,"Tokyo-to, Tokyo, Arakawa-ku, Nishinippori 5-18-14, Japan",Tokyo
hotel_431,Grand Prince Hotel Takanawa,"Tokyo-to, Tokyo, Minato-ku, Takanawa 3-13-1, Japan",Tokyo
hotel_432,ICI HOTEL Ueno Shin Okachimachi,"Tokyo-to, Tokyo, Taito-ku Taito 4-23-11, Japan",Tokyo
hotel_433,MONday Apart Premium UENO OKACHIMACHI,"Tokyo-to, Tokyo, Taito-ku Ueno 3-8-8, Japan",Tokyo
hotel_434,KOKO HOTEL Ginza-1chome,"Tokyo-to, Tokyo, Chuo-ku Ginza1-9-5, Japan",Tokyo
hotel_435,KOKO HOTEL Premier Nihonbashi Hamacho,"Tokyo-to, Tokyo, Chuo-ku Nihonbashihamacho 2-30-4, Japan",Tokyo
hotel_436,Hotel Balian Resort Shinjuku Honten,"Tokyo-to, Tokyo, Shinjuku-ku Kabukicho 2‐1-11, Japan",Tokyo
hotel_437,Minn Akihabara,"Tokyo-to, Tokyo, Taito-ku Taito 1-22-3, Japan",Tokyo
hotel_438,Asakusa View Hotel Annex Rokku,"Tokyo-to, Tokyo, Taito-ku Asakusa 2-9-10, Japan",Tokyo
hotel_439,Daiwa Roynet Hotel Tokyo Akabane,"Tokyo-to, Tokyo, Kita-ku, Akabane Minami 1-9-13, Japan",Tokyo
hotel_440,COGO Ryogoku,"Tokyo-to, Tokyo, Ryogoku 4-30-5, Japan",Tokyo
hotel_441,MONday Apart Premium UENO,"Tokyo-to, Tokyo, Taito-ku Kita-Ueno 1-7-6, Japan",Tokyo
hotel_442,DDD HOTEL,"Tokyo-to, Tokyo, Chuo-ku Nihonbashi Bakuracho 2-2-1, Japan",Tokyo
hotel_443,Hotel Indigo Tokyo Shibuya,"Tokyo-to, Tokyo, Shibuya-ku Dogenzaka 2-25-12, Japan",Tokyo
hotel_444,Hotel Graphy Nezu,"Tokyo-to, Tokyo, Taito-ku Ikenohata 4-5-10, Japan",Tokyo
hotel_445,home story in Tokyo Ueno 東京屋語 in 小島ビル,"Tokyo-to, Tokyo, 東京都台東区根岸２－１－９小島ビル, Japan",Tokyo
hotel_446,The Royal Park Hotel Tokyo Haneda Airport Terminal 3,"Tokyo-to, Tokyo, Ota-ku Haneda Airport 2-6-5, Japan",Tokyo
hotel_447,HOTEL GRAPHY Shibuya,"Tokyo-to, Tokyo, Shibuya-Ku, Higashi 1-29-3, Japan",Tokyo
hotel_448,MONday Apart Premium Nihonbashi,"Tokyo-to, Tokyo, Chuo-ku Nihonbashihoncho 4-1-5 , Japan",Tokyo
hotel_449,Hotel Balian Resort Higashi Shinjuku,"Tokyo-to, Tokyo, Shinjuku-ku Kabukicho 2-19-17, Japan",Tokyo
hotel_450,MONday Apart Premium AKIHABARA ASAKUSABASHI Sta.,"Tokyo-to, Tokyo, 1-5-2 Asakusabashi, Taito-ku, Japan",Tokyo
hotel_451,KOKO HOTEL Residence Asakusa Kappabashi,"Tokyo-to, Tokyo, Taito-ku Nishi Asakusa 3-24-2, Japan",Tokyo
hotel_452,hotel MONday Akihabara Asakusabashi,"Tokyo-to, Tokyo, Taito-ku Asakusabashi 2-29-12, Japan",Tokyo
hotel_453,hotel MONday Asakusa,"Tokyo-to, Tokyo, Taito-ku Asakusa 2-26-7, Japan",Tokyo
hotel_454,MONday Apart Ueno Shinokachimachi,"Tokyo-to, Tokyo, Taito-ku Higashiueno 1-27-11, Japan",Tokyo
hotel_455,KAIKA TOKYO by THE SHARE HOTELS,"Tokyo-to, Tokyo, Sumida-ku Honjo 2-16-5 , Japan",Tokyo
hotel_456,MONday Apart Asakusabashi Akihabara,"Tokyo-to, Tokyo, Taito-ku 4-15-5 Asakusabashi, Japan",Tokyo
hotel_457,Petit Bali Ikebukuro,"Tokyo-to, Tokyo, Ikebukuro2-12-11, Japan",Tokyo
hotel_458,MONday Apart Premium AKIHABARA,"Tokyo-to, Tokyo, 4-5 Sakuma-cho, Kanda, Chiyoda-ku, Japan",Tokyo
hotel_459,HOTEL MYSTAYS PREMIER Omori,"Tokyo-to, Tokyo, Shinagawa-ku Minami-Oi 6-19-3, Japan",Tokyohotel_500,Cheval Gloucester Park at Kensington,"Ashburn Place, Kensington , London SW7 4LL, Kensington and Chelsea, London, SW7 4LL, United Kingdom",London
hotel_501,Millennium Hotel London Knightsbridge,"17-25 Sloane Street, Knightsbridge, Kensington and Chelsea, London, SW1X 9NU, United Kingdom",London
hotel_502,citizenM Tower of London,"40 trinity square, City of London, London, EC3N 4DJ, United Kingdom",London
hotel_503,"The May Fair, A Radisson Collection Hotel, Mayfair London","Stratton Street, Mayfair, Westminster Borough, London, W1J 8LT, United Kingdom",London
hotel_504,Rubens At The Palace,"39 Buckingham Palace Road, Westminster Borough, London, SW1W 0PS, United Kingdom",London
hotel_505,Locke at Broken Wharf,"2 Broken Wharf Broken Quay House, City of London, London, EC4V 3DT, United Kingdom",London
hotel_506,The Dilly,"21 Piccadilly, Westminster Borough, London, W1J 0BH, United Kingdom",London
hotel_507,Park Plaza London Westminster Bridge,"Westminster Bridge Road, Lambeth, London, SE1 7UT, United Kingdom",London
hotel_508,The Chesterfield Mayfair,"35 Charles Street, Mayfair, Westminster Borough, London, W1J 5EB, United Kingdom",London
hotel_509,Middle Eight - Covent Garden - Preferred Hotels and Resorts,"66-69 Great Queen Street, Covent Garden, Camden, London, WC2B 5BX, United Kingdom",London
hotel_510,The Grand at Trafalgar Square,"8 Northumberland Avenue, Westminster Borough, London, WC2N 5BY, United Kingdom",London
hotel_511,Jubilee Hotel Victoria,"31 Eccleston Square, Victoria, Westminster Borough, London, SW1V 1NZ, United Kingdom",London
hotel_512,Ruby Stella Hotel London,"15-28 Eyre Street Hill, Camden, London, EC1R 5EW, United Kingdom",London
hotel_513,"Montcalm Piccadilly Townhouse, London West End","65-73 Shaftesbury Avenue, Westminster Borough, London, W1D 6EX, United Kingdom",London
hotel_514,Royal Lancaster London,"Lancaster Terrace, Westminster Borough, London, W2 2TY, United Kingdom",London
hotel_515,The Guardsman - Preferred Hotels and Resorts,"1 Vandon Street Westminster, Westminster Borough, London, SW1H 0AH, United Kingdom",London
hotel_516,Apex City Of London Hotel,"No 1 Seething Lane, City of London, London, EC3N 4AX, United Kingdom",London
hotel_517,Leonardo Royal London St Paul’s,"10 Godliman Street, City of London, London, EC4V 5AJ, United Kingdom",London
hotel_518,ME London by Melia - Covent Garden,"336-337 Strand, London, Westminster Borough, London, WC2R 1HA, United Kingdom",London
hotel_519,Modern Kensington Apartments,"10 Nevern Road, Kensington and Chelsea, London, SW5 9PJ, United Kingdom",London
hotel_520,The Mayfair Townhouse - an Iconic Luxury Hotel,"Half Moon Street, Westminster Borough, London, W1J 7BN, United Kingdom",London
hotel_521,Crane Court by City2Stay,"1 Crane Court, City of London, London, EC4A 2EJ, United Kingdom",London
hotel_522,"Bermonds Locke, Tower Bridge","153 -157 Tower Bridge Road Southwark, Southwark, London, SE1 3LW, United Kingdom",London
hotel_523,"Chancery Quarters, Chancery Lane","124 Chancery Lane Chancery Quarters, Westminster Borough, London, WC2A 1PT, United Kingdom",London
hotel_524,"Club Quarters Hotel Trafalgar Square, London","8 Northumberland Avenue, Westminster Borough, London, WC2N 5BY, United Kingdom",London
hotel_525,"Radisson Blu Hotel, London Bloomsbury","9-13 Bloomsbury Street, Nr Covent Garden, Camden, London, WC1B 3QD, United Kingdom",London
hotel_526,The Cleveland,"39-40 Cleveland Square, Westminster Borough, London, W2 6DA, United Kingdom",London
hotel_527,Apex Temple Court Hotel,"1-2 Serjeant's Inn, Fleet Street, City of London, London, EC4Y 1AG, United Kingdom",London
hotel_528,NYX Hotel London Holborn by Leonardo Hotels,"Southampton Row,, Camden, London, WC1B 4AR, United Kingdom",London
hotel_529,Red Lion Court by City2Stay,"9 Red Lion Court, London, London, City of London, London, EC4A 3EF, United Kingdom",London
hotel_530,"Radisson Blu Hotel, London South Kensington - formerly Vanderbilt","68-86 Cromwell Road, Kensington, Kensington and Chelsea, London, SW7 5BT, United Kingdom",London
hotel_531,The LaLit London,"181 Tooley Street, Southwark, London, SE1 2JR, United Kingdom",London
hotel_532,"Club Quarters Hotel St Paul's, London","24 Ludgate Hill, City of London, London, EC4M 7DR, United Kingdom",London
hotel_533,"Holiday Inn London Kensington High St., an IHG Hotel","Wrights Lane, Kensington and Chelsea, London, W8 5SP, United Kingdom",London
hotel_534,41,"41 Buckingham Palace Road, Westminster Borough, London, SW1W 0PS, United Kingdom",London
hotel_535,Princes Square,"23-25 Princes Square, Off Ilchester Gardens, Westminster Borough, London, W2 4NJ, United Kingdom",London
hotel_536,"Radisson Blu Hotel, London Leicester Square - formerly Hampshire","31-36 Leicester Square, Westminster Borough, London, WC2H 7LH, United Kingdom",London
hotel_537,The Beaufort,"33 Beaufort Gardens, Kensington and Chelsea, London, SW3 1PP, United Kingdom",London
hotel_538,Montcalm Brewery Townhouse,"42-46 Chiswell Street, Islington, London, EC1Y 4SB, United Kingdom",London
hotel_539,"Montcalm Chilworth Townhouse, Paddington","55 Westbourne Terrace, Paddington, London, Westminster Borough, London, W2 3UY, United Kingdom",London
hotel_540,Chancery Lane by Viridian Apartments,"116-118 Chancery Lane, Westminster Borough, London, WC2A 1PP, United Kingdom",London
hotel_541,Riu Plaza London Victoria,"1 Neathouse Place, Westminster Borough, London, SW1V 1LH, United Kingdom",London
hotel_542,Ember Locke Kensington,"202 Cromwell Road, Kensington and Chelsea, London, SW5 0SW, United Kingdom",London
hotel_543,Park Avenue Bayswater Inn Hyde Park,"8-16 Princes Square, Westminster Borough, London, W2 4NT, United Kingdom",London
hotel_544,"Montcalm Royal London House, London City","22-25 Finsbury Square, City , Islington, London, EC2A 1DX, United Kingdom",London
hotel_545,Notting Hill House,"24 Pembridge Gardens, Kensington and Chelsea, London, W2 4DX, United Kingdom",London
hotel_546,St Anne's Court by Indigo Flats,"Saint Anne's Court - Suite A, Westminster Borough, London, W1F 0BE, United Kingdom",London
hotel_547,Grand Plaza Serviced Apartments,"42 Princes Square, Westminster Borough, London, W2 4AD, United Kingdom",London
hotel_548,The Lincoln Suites,"37-39 Kingsway, Westminster Borough, London, WC2B 6TP, United Kingdom",London
hotel_549,Wilde Aparthotels London Covent Garden,"11 ADAM STREET Covent Garden, Westminster Borough, London, WC2R 0DA, United Kingdom",London
hotel_550,Bob W Hyde Park,"14 Devonshire Terrace, Westminster Borough, London, W2 3DW, United Kingdom",Londonhotel_600,Ferienwohnungen Maria Ginther,"Oberpinswang 24, 6600 Pinswang, Austria","Pinswang, Tyrol, Austria"
hotel_601,"Ferienwohnung Lechufer, 80m2 mit 2 Terrassen und Garten","34 Oberpinswang, 6600 Pinswang, Austria","Pinswang, Tyrol, Austria"
hotel_602,Erholung gesucht - gefunden,"71 Unterpinswang, 6600 Pinswang, Austria","Pinswang, Tyrol, Austria"
hotel_603,Alpenchalet Vils Tirol,"Unterwies 1, 6682 Vils, Austria","Pinswang, Tyrol, Austria"
hotel_604,Haus Martinsklause,"59 Platte, 6600 Musau, Austria","Pinswang, Tyrol, Austria"
hotel_605,Ferienwohnung Lechglück,"30 Kappl, 6600 Pflach, Austria","Pinswang, Tyrol, Austria"
hotel_606,Bauernlodge-Musauer-Lechauen,"Riedle 14, 6600 Musau, Austria","Pinswang, Tyrol, Austria"
hotel_607,Lebenskraft-Apartments,"Unterdorf 38, Lechaschau, Lechaschau, 6600 Reutte, Austria","Pinswang, Tyrol, Austria"
hotel_608,Appartement Jakalar,"1 Obweg, 6682 Vils, Austria","Pinswang, Tyrol, Austria"
hotel_609,Hotel zum Schwanen - Appartement 1,"Füssener Straße 2, 6600 Pflach, Austria","Pinswang, Tyrol, Austria"
hotel_610,Ferienwohnung Angerwies in Vils - Tirol,"12 Angerwies, 6682 Vils, Austria","Pinswang, Tyrol, Austria"
hotel_611,Ferienappartement Vastu,"Kappl 8, 6600 Pflach, Austria","Pinswang, Tyrol, Austria"
hotel_614,Hotel zum Schwanen - Appartement 3,"Füssener Straße 2, 6600 Pflach, Austria","Pinswang, Tyrol, Austria"
hotel_617,Reiterhof Berggut Gaicht,"Berggut Gaicht 17, 6672 Nesselwängle, Austria","Pinswang, Tyrol, Austria"
hotel_618,"SHERPA HAUS Ferienwohnung am Hahnenkamm,Reutte","3 Bergbahnstraße, 6604 Hofen, Austria","Pinswang, Tyrol, Austria"
hotel_619,Haus Capella,"Dorfstraße 7, 6673 Grän, Austria","Pinswang, Tyrol, Austria"
hotel_620,Landhaus Perktold,"Nesselwängle 82, 6672 Nesselwängle, Austria","Pinswang, Tyrol, Austria"
hotel_621,Wei Wei's Hostel,"Schlossbergweg 21, 6600 Ehenbichl, Austria","Pinswang, Tyrol, Austria"
hotel_622,Apartments Frauensee,"Unterdorf 29/2, Lechaschau, 6600 Reutte, Austria","Pinswang, Tyrol, Austria"
hotel_623,Pension Hohenrainer,"Schulweg 7, Ehenbichl, 6600 Reutte, Austria","Pinswang, Tyrol, Austria"
hotel_624,Appartement Soyer,"Alte Bundesstraße 41, 6604 Hofen, Austria","Pinswang, Tyrol, Austria"
hotel_625,BauernLodge Alpin Appartements,"Dorfstrasse 22, 6604 Hofen, Austria","Pinswang, Tyrol, Austria"
hotel_626,Gästehaus Elfriede inklusive Sommerbergbahnticket,"Oberdorf 1, 6673 Haldensee, Austria","Pinswang, Tyrol, Austria"
hotel_627,Haus Zitt,"8 Angerweg, 6673 Grän, Austria","Pinswang, Tyrol, Austria"
hotel_628,Haus Sonnblick,"Dorfstrasse 12, 6610 Wangle, Austria","Pinswang, Tyrol, Austria"
hotel_629,Haus Moosbrugger,"Reuttener Straße 22, Ehenbichl, 6600 Reutte, Austria","Pinswang, Tyrol, Austria"
hotel_630,Naturparkferienwohnungen Wolf,"Untere Platte 13, 6604 Hofen, Austria","Pinswang, Tyrol, Austria"
hotel_631,Via Salina - Hotel am See - Adults Only,"Haller 11, 6672 Haldensee, Austria","Pinswang, Tyrol, Austria"
hotel_632,Hotel Moserhof,"Planseestrasse 44, Breitenwang, 6600 Reutte, Austria","Pinswang, Tyrol, Austria"
hotel_633,Gästehaus Hosp,"Alte Bundesstraße 65, Höfen, 6604 Reutte, Austria","Pinswang, Tyrol, Austria"
hotel_634,Alpenapart Singer - contactless check-in,"Oberried 1, Ehenbichl, 6600 Reutte, Austria","Pinswang, Tyrol, Austria"
hotel_635,Hotel Goldene Rose,"Dorfstraße 2, Lechaschau, 6600 Reutte, Austria","Pinswang, Tyrol, Austria"
hotel_636,Landhaus Krinnenspitze,"113 Nesselwängle, 6672 Nesselwängle, Austria","Pinswang, Tyrol, Austria"
hotel_637,Apartements Breitenwang,"Muhl-Oberried, 3, Breitenwang, 6600 Reutte, Austria","Pinswang, Tyrol, Austria"
hotel_638,Burgchalet,"Schulweg 5, Ehenbichl, 6600 Reutte, Austria","Pinswang, Tyrol, Austria"
hotel_639,Ferienwohnung Gasser,"Dorfstraße 5, Lechaschau, 6600 Reutte, Austria","Pinswang, Tyrol, Austria"
hotel_640,Haus Glätzle,"Kindergartenstrasse 12, 6600 Breitenwang, Austria","Pinswang, Tyrol, Austria"
hotel_641,Mühler Hof,"Mühler Straße 77, 6600 Doktor Schwarzkopf-Siedlung, Austria","Pinswang, Tyrol, Austria"
hotel_642,Ferienwohnungen LODGE-B,"22 Sommer, 6671 Weissenbach am Lech, Austria","Pinswang, Tyrol, Austria"
hotel_643,Wellnesshotel ...liebes Rot-Flüh,"Seestraße 26, 6673 Haldensee, Austria","Pinswang, Tyrol, Austria"
hotel_644,Alpenhof Wängle,"Dorfstraße 11, Wängle, 6610 Reutte, Austria","Pinswang, Tyrol, Austria"
hotel_645,Haus Hermi,"Oberland 17, 6672 Nesselwängle, Austria","Pinswang, Tyrol, Austria"
hotel_646,Haus Müller,"Unterdorf 32, Wängle, 6610 Reutte, Austria","Pinswang, Tyrol, Austria"
hotel_647,Ferienwohnungen Kathrein,"Unterried 12, Ehenbichl, 6600 Reutte, Austria","Pinswang, Tyrol, Austria"
hotel_648,Das Edelweiss,"Dorfstrasse 14, 6673 Grän, Austria","Pinswang, Tyrol, Austria"
hotel_649,Landhaus Panorama,"St. Mang-Straße 42, Lechaschau, 6600 Reutte, Austria","Pinswang, Tyrol, Austria"
hotel_650,Haus-Anita,"St. Wendelin-Weg 6a, 6673 Grän, Austria","Pinswang, Tyrol, Austria"
hotel_651,Hotel Tyrol am Haldensee,"Seestrasse 24, 6673 Haldensee, Austria","Pinswang, Tyrol, Austria"
hotel_652,Ferienwohnung Lechleitner,"Holz 13a, Wängle, 6610 Reutte, Austria","Pinswang, Tyrol, Austria"
hotel_653,Haus Mariandl,"HNR 101, 6672 Nesselwängle, Austria","Pinswang, Tyrol, Austria"
hotel_655,Apartmenthaus Ehrenberg,"Oberried 28, 6600 Ehenbichl, Austria","Pinswang, Tyrol, Austria"
hotel_656,BEIM MOSER Apartments,"Dorfstraße 25, 6673 Grän, Austria","Pinswang, Tyrol, Austria"
hotel_657,Apartments Gaichtspitze,"Gaicht 19, 6672 Nesselwängle, Austria","Pinswang, Tyrol, Austria"
hotel_658,Ferienwohnung Scharf,"6 Andreas Hofer-Straße, Reutte, 6600 Reutte, Austria","Pinswang, Tyrol, Austria"
hotel_659,Rosa's Ferienhaus Ferienwohnung Rote Flueh,"St. Wendelin-Weg 6, 6673 Grän, Austria","Pinswang, Tyrol, Austria"
hotel_660,Irmis Garden,"12 Schulweg, 6600 Ehenbichl, Austria","Pinswang, Tyrol, Austria"
hotel_661,Fischerstraum am See Suite,"20 Haller, 6672 Nesselwängle, Austria","Pinswang, Tyrol, Austria"
hotel_662,Rosa's Ferienhaus Ferienwohnung Aggenstein,"St. Wendelin-Weg 6, 6673 Grän, Austria","Pinswang, Tyrol, Austria"
hotel_663,Haus Antlinger,"Unterdorf 11a, Lechaschau, 6600 Reutte, Austria","Pinswang, Tyrol, Austria"
hotel_664,Suite Sinfonie Bergstille,"5 Obweg a, 6673 Grän, Austria","Pinswang, Tyrol, Austria"
hotel_665,haldensee - Naturerlebnis und Wellnesshotel,"Haller 27, 6672 Nesselwängle, Austria","Pinswang, Tyrol, Austria"
hotel_666,Haus Hubertus,"Oberwies 11, 6672 Nesselwängle, Austria","Pinswang, Tyrol, Austria"
hotel_667,Ferienwohnung Hoppert,"24 Unterdorf, 6610 Wangle, Austria","Pinswang, Tyrol, Austria"
hotel_668,Apartment Gehrenspitze,"Oberdorf 1, Wängle, 6610 Reutte, Austria","Pinswang, Tyrol, Austria"
hotel_669,Das Bäckergut am Haldensee,"6 Bäckergasse, 6673 Haldensee, Austria","Pinswang, Tyrol, Austria"
hotel_670,Pension beim Krümmling,"Rosenau 10, Lechaschau, 6600 Reutte, Austria","Pinswang, Tyrol, Austria"
hotel_700,GO INN Hua Lamphong MRT เยาวราช X,"Soi Sukon 1, Samphanthawong, 10100 Bangkok, Thailand",Bangkok
hotel_701,Le Meridien Bangkok,"40/5 Surawong Road, Silom, Bang Rak, 10500 Bangkok, Thailand",Bangkok
hotel_702,Oakwood Hotel & Residence Bangkok SHA Plus Certified,"143 South Sathorn Rd, Yannawa, Sathorn, 10120 Bangkok, Thailand",Bangkok
hotel_703,SKYVIEW Hotel Bangkok - Sukhumvit,"12 Sukhumvit Soi 24 Klongton , Khlong Toei, 10110 Bangkok, Thailand",Bangkok
hotel_704,Citadines Sukhumvit 16 Bangkok,"38 Sukhumvit Soi 16, Sukhumvit Road, Klongtoey, Khlong Toei, 10110 Bangkok, Thailand",Bangkok
hotel_705,"SILQ Hotel & Residence, Managed by The Ascott Limited","41 Soi Sukhumvit 24 Khwaeng Khlong Tan, Khet Khlong Toei, Khlong Toei, 10110 Bangkok, Thailand",Bangkok
hotel_706,Shama Lakeview Asoke Bangkok,"41 Sukhumvit Soi 16, Sukhumvit Road, Khlong Toei, 10110 Bangkok, Thailand",Bangkok
hotel_707,Shama Yen-Akat Bangkok,"69 Yen-Akat Road, Chong Nonsi, Yannawa, Yan Nawa, 10140 Bangkok, Thailand",Bangkok
hotel_708,Citadines Sukhumvit 11 Bangkok,"22/22 Soi Sukhumvit 11, Sukhumvit Road, Klongtoey-Nua, Wattana, 10110 Bangkok, Thailand",Bangkok
hotel_709,Chatrium Grand Bangkok,"728 Petchaburi Road Ratchathewi, Ratchathewi, 10400 Bangkok, Thailand",Bangkok
hotel_710,Aira Hotel Bangkok Sukhumvit 11,"14 Sukhumvit 11, Wattana, 10110 Bangkok, Thailand",Bangkok
hotel_711,Solitaire Bangkok Sukhumvit 11,"75/23 Sukhumvit Soi 13, Wattana, 10110 Bangkok, Thailand",Bangkok
hotel_712,Amari Bangkok,"847 Petchburi Road, Rajthevi, Pratunam, Phayathai, Ratchathewi, 10400 Bangkok, Thailand",Bangkok
hotel_713,Shama Sukhumvit Bangkok,"39/1 Soi Sukhumvit 2, Khongtoey, Khlong Toei, 10110 Bangkok, Thailand",Bangkok
hotel_714,Oriental Residence Bangkok,"110 Wireless Road, Lumpini Patumwan , Pathumwan, 10330 Bangkok, Thailand",Bangkok
hotel_715,SAMALA Hotel Bangkok,"43 Soi Sukhumvit 15, Sukhumvit Road, Khwaeng Klongtoey-Nua, Wattana, Wattana, 10110 Bangkok, Thailand",Bangkok
hotel_716,Citadines Sukhumvit 8 Bangkok,"77/7 Soi Sukhumvit 8, Sukhumvit Road, Klongton, Klongtoey, Khlong Toei, 10110 Bangkok, Thailand",Bangkok
hotel_717,Banyan Tree Bangkok,"21/100 South Sathon Road, Sathorn, 10120 Bangkok, Thailand",Bangkok
hotel_718,The Quartier Hotel Phromphong - Thonglor,"413 Soi Sukhumvit 49 Khlong Tan Nuea, Watthana, Wattana, 10110 Bangkok, Thailand",Bangkok
hotel_719,Emporium Suites by Chatrium,"622 Sukhumvit Soi 24, Khlong Toei, 10110 Bangkok, Thailand",Bangkok
hotel_720,Chatrium Hotel Riverside Bangkok,"28 Chareonkrung Soi 70, Bangkholame, Bang Kho Laem, 10120 Bangkok, Thailand",Bangkok
hotel_721,Shama Petchburi 47 Bangkok,"36 Soi Soonvijai, New Petchburi Road Bangkapi, Huay Kwang Bangkok, Huai Khwang, 10310 Bangkok, Thailand",Bangkok
hotel_722,"Holiday Inn Express Bangkok Soi Soonvijai, an IHG Hotel","19 Soi Soonvijai, New Petchburi Road, Huai Khwang, 10310 Bangkok, Thailand",Bangkok
hotel_723,Hua Chang Heritage Hotel,"400 Phayathai Road, Pathumwan, Pathumwan, 10330 Bangkok, Thailand",Bangkok
hotel_724,PASSA Hotel Bangkok,"63 Soi Saladaeng 2, Saladaeng Road, Bang Rak, 10500 Bangkok, Thailand",Bangkok
hotel_725,Sivatel Bangkok Hotel,"53 Wittayu Road, Lumpini, Patumwan, Pathumwan, 10330 Bangkok, Thailand",Bangkok
hotel_726,"Holiday Inn Bangkok Silom, an IHG Hotel","981 Silom Road, Bang Rak, 10500 Bangkok, Thailand",Bangkok
hotel_727,Maitria Hotel Rama 9 Bangkok - A Chatrium Collection,"908 Rim Klong Samsen Road, Bangkapi, Huay Kwang, Huai Khwang, 10310 Bangkok, Thailand",Bangkok
hotel_728,"MUU Bangkok, Small Luxury Hotels of the World","88/333 Sukhumvit 55, Klongton Nua, Wattana, Sukhumvit, Wattana, 10110 Bangkok, Thailand",Bangkok
hotel_729,Park Plaza Bangkok Soi 18,"Sukhumvit Road Soi 18, (BTS Asoke / MRT Sukhumvit), Klongtoey, Khlong Toei, 10110 Bangkok, Thailand",Bangkok
hotel_730,Maitria Mode Sukhumvit 15 Bangkok - A Chatrium Collection,"81 Sukhumvit Soi 15, Sukhumvit Road, Klongtoey- Nua, Wattana, Wattana, 10110 Bangkok, Thailand",Bangkok
hotel_731,VOQUE Hotel & Serviced Residence Sukhumvit 51,"Soi Sukhumvit 51 99, Wattana, 10110 Bangkok, Thailand",Bangkok
hotel_732,Admiral Premier Bangkok,"138 Soi 23 Sukhumvit Road, Wattana, 10110 Bangkok, Thailand",Bangkok
hotel_733,Nysa Hotel Bangkok Sukhumvit 11,"73/7-8 Sukhumvit 13, Klongtoey-Nua, Wattana, Wattana, 10110 Bangkok, Thailand",Bangkok
hotel_734,GLOW Sukhumvit 5,"24 Sukhumvit, Khlong Toei Nuea, Wattana, Wattana, 10110 Bangkok, Thailand",Bangkok
hotel_735,Tastoria Collection Sukhumvit - SHA Extra Plus,"7 Sukhumvit 20, Sukhumvit Road, KlongTeoy,, Khlong Toei, 10110 Bangkok, Thailand",Bangkok
hotel_736,Walton Suites Sukhumvit,"199 Sukhumvit 49/11 (Klang), Road Klongton Nua, Wattana, Wattana, 10110 Bangkok, Thailand",Bangkok
hotel_737,Night Hotel Bangkok - Sukhumvit 15,"10 Sukhumvit 15, Kloengtoey Nua, Wattana, Wattana, 10110 Bangkok, Thailand",Bangkok
hotel_738,Maitria Hotel Sukhumvit 18 Bangkok – A Chatrium Collection,"26 Sukhumvit Soi 18, Sukhumvit Road, Klongtoey, Khlong Toei, 10110 Bangkok, Thailand",Bangkok
hotel_739,The Fig Lobby,"55 Rimthangrotfaisaipaknam Road, Klong Toey, Klong Toey, Khlong Toei, 10110 Bangkok, Thailand",Bangkok
hotel_740,THA City Loft by TH District,"Eakkamai soi 6, Prakanong, Wattana, Wattana, 10110 Bangkok, Thailand",Bangkok
hotel_741,Adelphi Grande Sukhumvit,"16 Sukhumvit Soi 41, Wattana, 10110 Bangkok, Thailand",Bangkok
hotel_742,Shanghai Mansion Bangkok,"479 - 481 Yaowaraj Rd., Samphanthawong, Samphanthawong, 10100 Bangkok, Thailand",Bangkok
hotel_743,VIC 3 Bangkok Hotel,"89 Phahon Yothin Soi 3, Phaya Thai, , Phaya Thai, 10400 Bangkok, Thailand",Bangkok
hotel_744,The Sukosol Hotel,"477 Si Ayuthaya Road, Phayathai, Ratchathewi, 10400 Bangkok, Thailand",Bangkok
hotel_745,Public House Hotel - Sukhumvit 31,"249 Soi Sukhumvit 31, Khlong Tan Nuea, Watthana, Bangkok 10110, Wattana, 10110 Bangkok, Thailand",Bangkok
hotel_746,Emiri Hotel - Nana Bangkok,"99 Sukhumvit 5, Wattana, 10110 Bangkok, Thailand",Bangkok
hotel_747,Adelphi Suites Bangkok,"6 Sukhumvit Soi 8, Khlong Toei, 10110 Bangkok, Thailand",Bangkok
hotel_748,AETAS lumpini,"1030/4 Rama 4 Road, Thungmahamek, Sathorn, 10120 Bangkok, Thailand",Bangkok
hotel_749,Sotetsu Grand Fresa Bangkok,"7 Soi Sukhumvit 25, Wattana, 10110 Bangkok, Thailand",Bangkok
hotel_750,"Kimpton Maa-Lai Bangkok, an IHG Hotel","78 Soi Tonson, Lumpini, Pathumwan,, Pathumwan, 10330 Bangkok, Thailand",Bangkok
hotel_800,Hotel Marta,"Zähringerstrasse 36, 8001 Zurich, Switzerland",Zürich
hotel_801,Motel One Zürich,"Stockerstrasse 61, Enge, 8002 Zurich, Switzerland",Zürich
hotel_802,Ruby Mimi Hotel Zurich,"Beatenplatz 4, 8001 Zurich, Switzerland",Zürich
hotel_803,citizenM Zürich,"Talacker 42, Zurich Old Town - City Center, 8001 Zurich, Switzerland",Zürich
hotel_804,VISIONAPARTMENTS Cramerstrasse 8-12 - contactless check-in,"8 Cramerstrasse, Aussersihl, 8004 Zurich, Switzerland",Zürich
hotel_805,Hotel Bristol Zurich,"Stampfenbachstrasse 34, Unterstrass, 8035 Zurich, Switzerland",Zürich
hotel_806,ibis Zürich Messe Airport,"Heidi Abel-Weg 5, Seebach, 8050 Zurich, Switzerland",Zürich
hotel_807,Hotel Adler Zürich,"Rosengasse 10, Am Hirschenplatz, 8001 Zurich, Switzerland",Zürich
hotel_808,Lamira - Serviced Apartments,"Soodstrasse 22, Leimbach, 8041 Zurich, Switzerland",Zürich
hotel_809,Hotel Felix,"Zähringerstrasse 25, 8001 Zurich, Switzerland",Zürich
hotel_810,VISIONAPARTMENTS Freyastrasse - contactless check-in,"Freyastrasse 8, Aussersihl, 8004 Zurich, Switzerland",Zürich
hotel_811,Pop Up Hotel Krone Zürich,"Limmatquai 88, 8001 Zurich, Switzerland",Zürich
hotel_812,"Holiday Inn Zürich Messe, an IHG Hotel","Wallisellenstrasse 48, Oerlikon, 8050 Zurich, Switzerland",Zürich
hotel_813,Aparthotel Adagio Zurich City Center,"Stampfenbachstrasse 60, Unterstrass, 8006 Zurich, Switzerland",Zürich
hotel_814,Zurich Furnished Homes,"Schimmelstrasse 6, Aussersihl, 8003 Zurich, Switzerland",Zürich
hotel_815,Placid Hotel Design & Lifestyle Zurich,"Buckhauserstrasse 34-36, Altstetten, 8048 Zurich, Switzerland",Zürich
hotel_816,Hotel Neufeld,"Friesenbergstrasse 15, Wiedikon, 8055 Zurich, Switzerland",Zürich
hotel_817,Mercure Zürich City,"Vulkanstraße 108b, Altstetten, 8048 Zurich, Switzerland",Zürich
hotel_818,VISIONAPARTMENTS Waffenplatzstrasse - contactless check-in,"Waffenplatzstrasse 72, Enge, 8002 Zurich, Switzerland",Zürich
hotel_819,Leonardo Boutique Hotel Rigihof Zurich,"Universitätsstrasse 101, Oberstrass, 8033 Zurich, Switzerland",Zürich
hotel_820,VISIONAPARTMENTS Militärstrasse - contactless check-in,"Militärstrasse 24, Aussersihl, 8004 Zurich, Switzerland",Zürich
hotel_821,Sorell Hotel Rex,"Weinbergstrasse 92, Unterstrass, 8006 Zurich, Switzerland",Zürich
hotel_822,VISIONAPARTMENTS Rotachstrasse - contactless check-in,"Rotachstrasse 33, Wiedikon, 8003 Zurich, Switzerland",Zürich
hotel_823,Altstadt Hotel,"Kirchgasse 4, 8001 Zurich, Switzerland",Zürich
hotel_824,VISIONAPARTMENTS Albertstrasse - contactless check-in,"Albertstrasse 7, 8005 Zurich, Switzerland",Zürich
hotel_825,VISIONAPARTMENTS Cramerstrasse 2-6 - contactless check-in,"2-6 Cramerstrasse , Aussersihl, 8004 Zurich, Switzerland",Zürich
hotel_826,Opera Hotel Zürich,"Dufourstrasse 5, Seefeld, 8008 Zurich, Switzerland",Zürich
hotel_827,Marktgasse Hotel,"Marktgasse 17, 8001 Zurich, Switzerland",Zürich
hotel_828,Zurich Marriott Hotel,"Neumühlequai 42, Unterstrass, 8006 Zurich, Switzerland",Zürich
hotel_829,Hotel Rössli,"Rössligasse 7, 8001 Zurich, Switzerland",Zürich
hotel_830,The Home Hotel Zürich - a member of DESIGN HOTELS,"Kalandergasse 1, Wiedikon, 8045 Zurich, Switzerland",Zürich
hotel_831,THE FLAG Zürich,"Baslerstrasse 100, Altstetten, 8048 Zurich, Switzerland",Zürich
hotel_832,FIVE Zurich - Luxury City Resort,"Döltschiweg 234, Wiedikon, 8055 Zurich, Switzerland",Zürich
hotel_833,Boutique & Art Hotel Helvetia,"Stauffacherquai 1, Aussersihl, 8004 Zurich, Switzerland",Zürich
hotel_834,Trip Inn Zurich Hotel,"Hohlstrasse 18, Aussersihl, 8004 Zurich, Switzerland",Zürich
hotel_835,Locke am Platz Zurich,"9 Tessinerplatz, Enge, 8002 Zurich, Switzerland",Zürich
hotel_836,Hotel Sternen Oerlikon,"Schaffhauserstrasse 335, Oerlikon, 8050 Zurich, Switzerland",Zürich
hotel_837,Sorell Hotel Rütli,"Zähringerstrasse 43, 8001 Zurich, Switzerland",Zürich
hotel_838,Nani City Hotel,"Langstrasse 120, Aussersihl, 8004 Zurich, Switzerland",Zürich
hotel_839,Boutique Hotel Josef,"13 Josefstrasse, 8005 Zurich, Switzerland",Zürich
hotel_840,CITY STAY - Kieselgasse,"Kieselgasse 2, 8008 Zurich, Switzerland",Zürich
hotel_841,Glärnischhof by TRINITY,"Claridenstrasse 30, Enge, 8022 Zurich, Switzerland",Zürich
hotel_842,Fred Hotel Leonhardstrasse - Self Check-in,"Leonhardstrasse 1, Oberstrass, 8001 Zurich, Switzerland",Zürich
hotel_843,Gasthaus 210,"Langstrasse 210, 8005 Zurich, Switzerland",Zürich
hotel_844,Townhouse Boutique Hotel,"Schützengasse 7, 8001 Zurich, Switzerland",Zürich
hotel_845,Hotel Scheuble,"Mühlegasse 17, 8001 Zurich, Switzerland",Zürich
hotel_846,VISIONAPARTMENTS Wolframplatz - contactless check-in,"Wolframplatz 1, Wiedikon, 8045 Zurich, Switzerland",Zürich
hotel_847,SWAS by Livingdowntown,"415 Hohlstrasse, Altstetten, 8048 Zurich, Switzerland",Zürich
hotel_848,VISIONAPARTMENTS Zweierstrasse - contactless check-in,"Zweierstrasse 24, Aussersihl, 8004 Zurich, Switzerland",Zürich
hotel_849,Fred Guest House Zürich Hauptbahnhof,"Konradstrasse 11, 8005 Zurich, Switzerland",Zürich
hotel_850,Renaissance Zurich Tower Hotel,"Turbinenstrasse 20, Escher Wyss, 8005 Zurich, Switzerland",Zürich
hotel_851,VISIONAPARTMENTS Brandschenkestrasse,"10 Brandschenkestrasse, Zurich Old Town - City Center, 8001 Zurich, Switzerland",Zürich
hotel_852,CITY STAY - Franklinstrasse,"Franklinstrasse 12 City Stay, Oerlikon, 8050 Zurich, Switzerland",Zürich
hotel_853,Boutique Hotel Seidenhof,"Sihlstrasse 9, Zurich Old Town - City Center, 8001 Zurich, Switzerland",Zürich
hotel_854,Sheraton Zürich Hotel,"Pfingstweidstrasse 100, Escher Wyss, 8005 Zurich, Switzerland",Zürich
hotel_855,CITY STAY - Forchstrasse,"Forchstrasse 163, Zürichberg, 8032 Zurich, Switzerland",Zürich
hotel_856,Hotel Glockenhof Zürich,"Sihlstrasse 31, Zurich Old Town - City Center, 8001 Zurich, Switzerland",Zürich
hotel_857,La Réserve Eden au Lac Zurich,"Utoquai 45, Seefeld, 8008 Zurich, Switzerland",Zürich
hotel_858,Hotel St.Gotthard,"Bahnhofstrasse 87, Zurich Old Town - City Center, 8021 Zurich, Switzerland",Zürich
hotel_859,EMA House Serviced Apartments Aussersihl,"Sihlfeldstrasse 127, Aussersihl, 8004 Zurich, Switzerland",Zürich
hotel_860,Premium Apartments by Livingdowntown,"Weststrasse 155, Wiedikon, 8003 Zurich, Switzerland",Zürich
hotel_861,The Dolder Grand - City and Spa Resort Zurich,"Kurhausstrasse 65, Zürichberg, 8032 Zurich, Switzerland",Zürich
hotel_862,Comfort Apartments by Livingdowntown,"Weststrasse 146, Wiedikon, 8003 Zurich, Switzerland",Zürich
hotel_863,Hotel Spirgarten,"Lindenplatz 5, Altstetten, 8048 Zurich, Switzerland",Zürich
hotel_864,Design Hotel Plattenhof,"Plattenstrasse 26, Zürichberg, 8032 Zurich, Switzerland",Zürich
hotel_865,Fred Hotel Zürich Hauptbahnhof,"Limmatstrasse 5, 8005 Zurich, Switzerland",Zürich
hotel_866,Sorell Hotel St. Peter,"In Gassen 10, 8001 Zurich, Switzerland",Zürich
hotel_867,MEININGER Hotel Zürich Greencity,"41 Maneggstrasse, Wollishofen, 8041 Zurich, Switzerland",Zürich
hotel_868,Small Luxury Hotel Ambassador Zurich,"Falkenstrasse 6, Seefeld, 8008 Zurich, Switzerland",Zürich
hotel_869,"Neues Schloss Privat Hotel Zurich, Autograph Collection","Stockerstrasse 17, Enge, 8002 Zurich, Switzerland",Zürich
