image_id,hotel_id,image_path
hotelimage_400,hotel_400,new_hotels_images/hotel_400.jpg
hotelimage_401,hotel_401,new_hotels_images/hotel_401.jpg
hotelimage_402,hotel_402,new_hotels_images/hotel_402.jpg
hotelimage_403,hotel_403,new_hotels_images/hotel_403.jpg
hotelimage_404,hotel_404,new_hotels_images/hotel_404.jpg
hotelimage_405,hotel_405,new_hotels_images/hotel_405.jpg
hotelimage_406,hotel_406,new_hotels_images/hotel_406.jpg
hotelimage_407,hotel_407,new_hotels_images/hotel_407.jpg
hotelimage_408,hotel_408,new_hotels_images/hotel_408.jpg
hotelimage_409,hotel_409,new_hotels_images/hotel_409.jpg
hotelimage_410,hotel_410,new_hotels_images/hotel_410.jpg
hotelimage_412,hotel_412,new_hotels_images/hotel_412.jpg
hotelimage_413,hotel_413,new_hotels_images/hotel_413.jpg
hotelimage_414,hotel_414,new_hotels_images/hotel_414.jpg
hotelimage_415,hotel_415,new_hotels_images/hotel_415.jpg
hotelimage_416,hotel_416,new_hotels_images/hotel_416.jpg
hotelimage_417,hotel_417,new_hotels_images/hotel_417.jpg
hotelimage_418,hotel_418,new_hotels_images/hotel_418.jpg
hotelimage_419,hotel_419,new_hotels_images/hotel_419.jpg
hotelimage_420,hotel_420,new_hotels_images/hotel_420.jpg
hotelimage_421,hotel_421,new_hotels_images/hotel_421.jpg
hotelimage_422,hotel_422,new_hotels_images/hotel_422.jpg
hotelimage_423,hotel_423,new_hotels_images/hotel_423.jpg
hotelimage_424,hotel_424,new_hotels_images/hotel_424.jpg
hotelimage_425,hotel_425,new_hotels_images/hotel_425.jpg
hotelimage_426,hotel_426,new_hotels_images/hotel_426.jpg
hotelimage_427,hotel_427,new_hotels_images/hotel_427.jpg
hotelimage_428,hotel_428,new_hotels_images/hotel_428.jpg
hotelimage_429,hotel_429,new_hotels_images/hotel_429.jpg
hotelimage_430,hotel_430,new_hotels_images/hotel_430.jpg
hotelimage_431,hotel_431,new_hotels_images/hotel_431.jpg
hotelimage_433,hotel_433,new_hotels_images/hotel_433.jpg
hotelimage_434,hotel_434,new_hotels_images/hotel_434.jpg
hotelimage_435,hotel_435,new_hotels_images/hotel_435.jpg
hotelimage_436,hotel_436,new_hotels_images/hotel_436.jpg
hotelimage_437,hotel_437,new_hotels_images/hotel_437.jpg
hotelimage_438,hotel_438,new_hotels_images/hotel_438.jpg
hotelimage_439,hotel_439,new_hotels_images/hotel_439.jpg
hotelimage_440,hotel_440,new_hotels_images/hotel_440.jpg
hotelimage_441,hotel_441,new_hotels_images/hotel_441.jpg
hotelimage_442,hotel_442,new_hotels_images/hotel_442.jpg
hotelimage_443,hotel_443,new_hotels_images/hotel_443.jpg
hotelimage_444,hotel_444,new_hotels_images/hotel_444.jpg
hotelimage_445,hotel_445,new_hotels_images/hotel_445.jpg
hotelimage_446,hotel_446,new_hotels_images/hotel_446.jpg
hotelimage_447,hotel_447,new_hotels_images/hotel_447.jpg
hotelimage_448,hotel_448,new_hotels_images/hotel_448.jpg
hotelimage_449,hotel_449,new_hotels_images/hotel_449.jpg
hotelimage_450,hotel_450,new_hotels_images/hotel_450.jpg
hotelimage_451,hotel_451,new_hotels_images/hotel_451.jpg
hotelimage_452,hotel_452,new_hotels_images/hotel_452.jpg
hotelimage_453,hotel_453,new_hotels_images/hotel_453.jpg
hotelimage_454,hotel_454,new_hotels_images/hotel_454.jpg
hotelimage_455,hotel_455,new_hotels_images/hotel_455.jpg
hotelimage_456,hotel_456,new_hotels_images/hotel_456.jpg
hotelimage_457,hotel_457,new_hotels_images/hotel_457.jpg
hotelimage_458,hotel_458,new_hotels_images/hotel_458.jpg
hotelimage_459,hotel_459,new_hotels_images/hotel_459.jpg
hotelimage_460,hotel_460,new_hotels_images/hotel_460.jpg
hotelimage_461,hotel_461,new_hotels_images/hotel_461.jpg
hotelimage_462,hotel_462,new_hotels_images/hotel_462.jpg
hotelimage_463,hotel_463,new_hotels_images/hotel_463.jpg
hotelimage_464,hotel_464,new_hotels_images/hotel_464.jpg
hotelimage_465,hotel_465,new_hotels_images/hotel_465.jpg
hotelimage_466,hotel_466,new_hotels_images/hotel_466.jpg
hotelimage_467,hotel_467,new_hotels_images/hotel_467.jpg
hotelimage_468,hotel_468,new_hotels_images/hotel_468.jpg
hotelimage_469,hotel_469,new_hotels_images/hotel_469.jpg
hotelimage_470,hotel_470,new_hotels_images/hotel_470.jpg
hotelimage_471,hotel_471,new_hotels_images/hotel_471.jpg
hotelimage_472,hotel_472,new_hotels_images/hotel_472.jpg
hotelimage_473,hotel_473,new_hotels_images/hotel_473.jpg
hotelimage_474,hotel_474,new_hotels_images/hotel_474.jpg
hotelimage_475,hotel_475,new_hotels_images/hotel_475.jpg
hotelimage_476,hotel_476,new_hotels_images/hotel_476.jpg
hotelimage_477,hotel_477,new_hotels_images/hotel_477.jpg
hotelimage_478,hotel_478,new_hotels_images/hotel_478.jpg
hotelimage_479,hotel_479,new_hotels_images/hotel_479.jpg
hotelimage_480,hotel_480,new_hotels_images/hotel_480.jpg
hotelimage_481,hotel_481,new_hotels_images/hotel_481.jpg
hotelimage_482,hotel_482,new_hotels_images/hotel_482.jpg
hotelimage_483,hotel_483,new_hotels_images/hotel_483.jpg
hotelimage_484,hotel_484,new_hotels_images/hotel_484.jpg
hotelimage_485,hotel_485,new_hotels_images/hotel_485.jpg
hotelimage_486,hotel_486,new_hotels_images/hotel_486.jpg
hotelimage_487,hotel_487,new_hotels_images/hotel_487.jpg
hotelimage_488,hotel_488,new_hotels_images/hotel_488.jpg
hotelimage_489,hotel_489,new_hotels_images/hotel_489.jpg
hotelimage_490,hotel_490,new_hotels_images/hotel_490.jpg
hotelimage_491,hotel_491,new_hotels_images/hotel_491.jpg
hotelimage_492,hotel_492,new_hotels_images/hotel_492.jpg
hotelimage_493,hotel_493,new_hotels_images/hotel_493.jpg
hotelimage_494,hotel_494,new_hotels_images/hotel_494.jpg
hotelimage_495,hotel_495,new_hotels_images/hotel_495.jpg
hotelimage_496,hotel_496,new_hotels_images/hotel_496.jpg
hotelimage_497,hotel_497,new_hotels_images/hotel_497.jpg
hotelimage_498,hotel_498,new_hotels_images/hotel_498.jpg
hotelimage_499,hotel_499,new_hotels_images/hotel_499.jpg
hotelimage_500,hotel_500,new_hotels_images/hotel_500.jpg
hotelimage_501,hotel_501,new_hotels_images/hotel_501.jpg
hotelimage_502,hotel_502,new_hotels_images/hotel_502.jpg
hotelimage_503,hotel_503,new_hotels_images/hotel_503.jpg
hotelimage_504,hotel_504,new_hotels_images/hotel_504.jpg
hotelimage_505,hotel_505,new_hotels_images/hotel_505.jpg
hotelimage_506,hotel_506,new_hotels_images/hotel_506.jpg
hotelimage_508,hotel_508,new_hotels_images/hotel_508.jpg
hotelimage_509,hotel_509,new_hotels_images/hotel_509.jpg
hotelimage_510,hotel_510,new_hotels_images/hotel_510.jpg
hotelimage_511,hotel_511,new_hotels_images/hotel_511.jpg
hotelimage_512,hotel_512,new_hotels_images/hotel_512.jpg
hotelimage_513,hotel_513,new_hotels_images/hotel_513.jpg
hotelimage_515,hotel_515,new_hotels_images/hotel_515.jpg
hotelimage_516,hotel_516,new_hotels_images/hotel_516.jpg
hotelimage_517,hotel_517,new_hotels_images/hotel_517.jpg
hotelimage_519,hotel_519,new_hotels_images/hotel_519.jpg
hotelimage_520,hotel_520,new_hotels_images/hotel_520.jpg
hotelimage_521,hotel_521,new_hotels_images/hotel_521.jpg
hotelimage_522,hotel_522,new_hotels_images/hotel_522.jpg
hotelimage_523,hotel_523,new_hotels_images/hotel_523.jpg
hotelimage_524,hotel_524,new_hotels_images/hotel_524.jpg
hotelimage_525,hotel_525,new_hotels_images/hotel_525.jpg
hotelimage_526,hotel_526,new_hotels_images/hotel_526.jpg
hotelimage_527,hotel_527,new_hotels_images/hotel_527.jpg
hotelimage_528,hotel_528,new_hotels_images/hotel_528.jpg
hotelimage_529,hotel_529,new_hotels_images/hotel_529.jpg
hotelimage_530,hotel_530,new_hotels_images/hotel_530.jpg
hotelimage_531,hotel_531,new_hotels_images/hotel_531.jpg
hotelimage_532,hotel_532,new_hotels_images/hotel_532.jpg
hotelimage_533,hotel_533,new_hotels_images/hotel_533.jpg
hotelimage_534,hotel_534,new_hotels_images/hotel_534.jpg
hotelimage_536,hotel_536,new_hotels_images/hotel_536.jpg
hotelimage_537,hotel_537,new_hotels_images/hotel_537.jpg
hotelimage_538,hotel_538,new_hotels_images/hotel_538.jpg
hotelimage_539,hotel_539,new_hotels_images/hotel_539.jpg
hotelimage_540,hotel_540,new_hotels_images/hotel_540.jpg
hotelimage_541,hotel_541,new_hotels_images/hotel_541.jpg
hotelimage_542,hotel_542,new_hotels_images/hotel_542.jpg
hotelimage_543,hotel_543,new_hotels_images/hotel_543.jpg
hotelimage_544,hotel_544,new_hotels_images/hotel_544.jpg
hotelimage_545,hotel_545,new_hotels_images/hotel_545.jpg
hotelimage_546,hotel_546,new_hotels_images/hotel_546.jpg
hotelimage_547,hotel_547,new_hotels_images/hotel_547.jpg
hotelimage_548,hotel_548,new_hotels_images/hotel_548.jpg
hotelimage_549,hotel_549,new_hotels_images/hotel_549.jpg
hotelimage_550,hotel_550,new_hotels_images/hotel_550.jpg
hotelimage_551,hotel_551,new_hotels_images/hotel_551.jpg
hotelimage_552,hotel_552,new_hotels_images/hotel_552.jpg
hotelimage_553,hotel_553,new_hotels_images/hotel_553.jpg
hotelimage_554,hotel_554,new_hotels_images/hotel_554.jpg
hotelimage_555,hotel_555,new_hotels_images/hotel_555.jpg
hotelimage_556,hotel_556,new_hotels_images/hotel_556.jpg
hotelimage_557,hotel_557,new_hotels_images/hotel_557.jpg
hotelimage_558,hotel_558,new_hotels_images/hotel_558.jpg
hotelimage_559,hotel_559,new_hotels_images/hotel_559.jpg
hotelimage_560,hotel_560,new_hotels_images/hotel_560.jpg
hotelimage_561,hotel_561,new_hotels_images/hotel_561.jpg
hotelimage_562,hotel_562,new_hotels_images/hotel_562.jpg
hotelimage_563,hotel_563,new_hotels_images/hotel_563.jpg
hotelimage_564,hotel_564,new_hotels_images/hotel_564.jpg
hotelimage_565,hotel_565,new_hotels_images/hotel_565.jpg
hotelimage_566,hotel_566,new_hotels_images/hotel_566.jpg
hotelimage_567,hotel_567,new_hotels_images/hotel_567.jpg
hotelimage_568,hotel_568,new_hotels_images/hotel_568.jpg
hotelimage_569,hotel_569,new_hotels_images/hotel_569.jpg
hotelimage_570,hotel_570,new_hotels_images/hotel_570.jpg
hotelimage_571,hotel_571,new_hotels_images/hotel_571.jpg
hotelimage_572,hotel_572,new_hotels_images/hotel_572.jpg
hotelimage_573,hotel_573,new_hotels_images/hotel_573.jpg
hotelimage_574,hotel_574,new_hotels_images/hotel_574.jpg
hotelimage_575,hotel_575,new_hotels_images/hotel_575.jpg
hotelimage_576,hotel_576,new_hotels_images/hotel_576.jpg
hotelimage_577,hotel_577,new_hotels_images/hotel_577.jpg
hotelimage_578,hotel_578,new_hotels_images/hotel_578.jpg
hotelimage_579,hotel_579,new_hotels_images/hotel_579.jpg
hotelimage_580,hotel_580,new_hotels_images/hotel_580.jpg
hotelimage_581,hotel_581,new_hotels_images/hotel_581.jpg
hotelimage_582,hotel_582,new_hotels_images/hotel_582.jpg
hotelimage_583,hotel_583,new_hotels_images/hotel_583.jpg
hotelimage_584,hotel_584,new_hotels_images/hotel_584.jpg
hotelimage_585,hotel_585,new_hotels_images/hotel_585.jpg
hotelimage_586,hotel_586,new_hotels_images/hotel_586.jpg
hotelimage_587,hotel_587,new_hotels_images/hotel_587.jpg
hotelimage_588,hotel_588,new_hotels_images/hotel_588.jpg
hotelimage_589,hotel_589,new_hotels_images/hotel_589.jpg
hotelimage_590,hotel_590,new_hotels_images/hotel_590.jpg
hotelimage_591,hotel_591,new_hotels_images/hotel_591.jpg
hotelimage_592,hotel_592,new_hotels_images/hotel_592.jpg
hotelimage_593,hotel_593,new_hotels_images/hotel_593.jpg
hotelimage_594,hotel_594,new_hotels_images/hotel_594.jpg
hotelimage_595,hotel_595,new_hotels_images/hotel_595.jpg
hotelimage_596,hotel_596,new_hotels_images/hotel_596.jpg
hotelimage_597,hotel_597,new_hotels_images/hotel_597.jpg
hotelimage_598,hotel_598,new_hotels_images/hotel_598.jpg
hotelimage_599,hotel_599,new_hotels_images/hotel_599.jpg
hotelimage_600,hotel_600,new_hotels_images/hotel_600.jpg
hotelimage_601,hotel_601,new_hotels_images/hotel_601.jpg
hotelimage_602,hotel_602,new_hotels_images/hotel_602.jpg
hotelimage_603,hotel_603,new_hotels_images/hotel_603.jpg
hotelimage_604,hotel_604,new_hotels_images/hotel_604.jpg
hotelimage_605,hotel_605,new_hotels_images/hotel_605.jpg
hotelimage_606,hotel_606,new_hotels_images/hotel_606.jpg
hotelimage_607,hotel_607,new_hotels_images/hotel_607.jpg
hotelimage_608,hotel_608,new_hotels_images/hotel_608.jpg
hotelimage_609,hotel_609,new_hotels_images/hotel_609.jpg
hotelimage_610,hotel_610,new_hotels_images/hotel_610.jpg
hotelimage_611,hotel_611,new_hotels_images/hotel_611.jpg
hotelimage_612,hotel_612,new_hotels_images/hotel_612.jpg
hotelimage_613,hotel_613,new_hotels_images/hotel_613.jpg
hotelimage_614,hotel_614,new_hotels_images/hotel_614.jpg
hotelimage_615,hotel_615,new_hotels_images/hotel_615.jpg
hotelimage_616,hotel_616,new_hotels_images/hotel_616.jpg
hotelimage_618,hotel_618,new_hotels_images/hotel_618.jpg
hotelimage_619,hotel_619,new_hotels_images/hotel_619.jpg
hotelimage_620,hotel_620,new_hotels_images/hotel_620.jpg
hotelimage_622,hotel_622,new_hotels_images/hotel_622.jpg
hotelimage_623,hotel_623,new_hotels_images/hotel_623.jpg
hotelimage_624,hotel_624,new_hotels_images/hotel_624.jpg
hotelimage_625,hotel_625,new_hotels_images/hotel_625.jpg
hotelimage_626,hotel_626,new_hotels_images/hotel_626.jpg
hotelimage_627,hotel_627,new_hotels_images/hotel_627.jpg
hotelimage_628,hotel_628,new_hotels_images/hotel_628.jpg
hotelimage_629,hotel_629,new_hotels_images/hotel_629.jpg
hotelimage_630,hotel_630,new_hotels_images/hotel_630.jpg
hotelimage_631,hotel_631,new_hotels_images/hotel_631.jpg
hotelimage_632,hotel_632,new_hotels_images/hotel_632.jpg
hotelimage_633,hotel_633,new_hotels_images/hotel_633.jpg
hotelimage_634,hotel_634,new_hotels_images/hotel_634.jpg
hotelimage_635,hotel_635,new_hotels_images/hotel_635.jpg
hotelimage_636,hotel_636,new_hotels_images/hotel_636.jpg
hotelimage_637,hotel_637,new_hotels_images/hotel_637.jpg
hotelimage_639,hotel_639,new_hotels_images/hotel_639.jpg
hotelimage_640,hotel_640,new_hotels_images/hotel_640.jpg
hotelimage_641,hotel_641,new_hotels_images/hotel_641.jpg
hotelimage_642,hotel_642,new_hotels_images/hotel_642.jpg
hotelimage_643,hotel_643,new_hotels_images/hotel_643.jpg
hotelimage_644,hotel_644,new_hotels_images/hotel_644.jpg
hotelimage_645,hotel_645,new_hotels_images/hotel_645.jpg
hotelimage_646,hotel_646,new_hotels_images/hotel_646.jpg
hotelimage_647,hotel_647,new_hotels_images/hotel_647.jpg
hotelimage_648,hotel_648,new_hotels_images/hotel_648.jpg
hotelimage_649,hotel_649,new_hotels_images/hotel_649.jpg
hotelimage_650,hotel_650,new_hotels_images/hotel_650.jpg
hotelimage_651,hotel_651,new_hotels_images/hotel_651.jpg
hotelimage_652,hotel_652,new_hotels_images/hotel_652.jpg
hotelimage_653,hotel_653,new_hotels_images/hotel_653.jpg
hotelimage_654,hotel_654,new_hotels_images/hotel_654.jpg
hotelimage_655,hotel_655,new_hotels_images/hotel_655.jpg
hotelimage_656,hotel_656,new_hotels_images/hotel_656.jpg
hotelimage_657,hotel_657,new_hotels_images/hotel_657.jpg
hotelimage_658,hotel_658,new_hotels_images/hotel_658.jpg
hotelimage_659,hotel_659,new_hotels_images/hotel_659.jpg
hotelimage_660,hotel_660,new_hotels_images/hotel_660.jpg
hotelimage_661,hotel_661,new_hotels_images/hotel_661.jpg
hotelimage_662,hotel_662,new_hotels_images/hotel_662.jpg
hotelimage_663,hotel_663,new_hotels_images/hotel_663.jpg
hotelimage_664,hotel_664,new_hotels_images/hotel_664.jpg
hotelimage_665,hotel_665,new_hotels_images/hotel_665.jpg
hotelimage_666,hotel_666,new_hotels_images/hotel_666.jpg
hotelimage_667,hotel_667,new_hotels_images/hotel_667.jpg
hotelimage_668,hotel_668,new_hotels_images/hotel_668.jpg
hotelimage_669,hotel_669,new_hotels_images/hotel_669.jpg
hotelimage_670,hotel_670,new_hotels_images/hotel_670.jpg
hotelimage_671,hotel_671,new_hotels_images/hotel_671.jpg
hotelimage_672,hotel_672,new_hotels_images/hotel_672.jpg
hotelimage_673,hotel_673,new_hotels_images/hotel_673.jpg
hotelimage_674,hotel_674,new_hotels_images/hotel_674.jpg
hotelimage_675,hotel_675,new_hotels_images/hotel_675.jpg
hotelimage_676,hotel_676,new_hotels_images/hotel_676.jpg
hotelimage_677,hotel_677,new_hotels_images/hotel_677.jpg
hotelimage_678,hotel_678,new_hotels_images/hotel_678.jpg
hotelimage_679,hotel_679,new_hotels_images/hotel_679.jpg
hotelimage_680,hotel_680,new_hotels_images/hotel_680.jpg
hotelimage_681,hotel_681,new_hotels_images/hotel_681.jpg
hotelimage_682,hotel_682,new_hotels_images/hotel_682.jpg
hotelimage_683,hotel_683,new_hotels_images/hotel_683.jpg
hotelimage_684,hotel_684,new_hotels_images/hotel_684.jpg
hotelimage_685,hotel_685,new_hotels_images/hotel_685.jpg
hotelimage_686,hotel_686,new_hotels_images/hotel_686.jpg
hotelimage_687,hotel_687,new_hotels_images/hotel_687.jpg
hotelimage_688,hotel_688,new_hotels_images/hotel_688.jpg
hotelimage_689,hotel_689,new_hotels_images/hotel_689.jpg
hotelimage_690,hotel_690,new_hotels_images/hotel_690.jpg
hotelimage_691,hotel_691,new_hotels_images/hotel_691.jpg
hotelimage_692,hotel_692,new_hotels_images/hotel_692.jpg
hotelimage_693,hotel_693,new_hotels_images/hotel_693.jpg
hotelimage_694,hotel_694,new_hotels_images/hotel_694.jpg
hotelimage_695,hotel_695,new_hotels_images/hotel_695.jpg
hotelimage_696,hotel_696,new_hotels_images/hotel_696.jpg
hotelimage_697,hotel_697,new_hotels_images/hotel_697.jpg
hotelimage_698,hotel_698,new_hotels_images/hotel_698.jpg
hotelimage_699,hotel_699,new_hotels_images/hotel_699.jpg
hotelimage_700,hotel_700,new_hotels_images/hotel_700.jpg
hotelimage_701,hotel_701,new_hotels_images/hotel_701.jpg
hotelimage_702,hotel_702,new_hotels_images/hotel_702.jpg
hotelimage_703,hotel_703,new_hotels_images/hotel_703.jpg
hotelimage_704,hotel_704,new_hotels_images/hotel_704.jpg
hotelimage_705,hotel_705,new_hotels_images/hotel_705.jpg
hotelimage_706,hotel_706,new_hotels_images/hotel_706.jpg
hotelimage_707,hotel_707,new_hotels_images/hotel_707.jpg
hotelimage_708,hotel_708,new_hotels_images/hotel_708.jpg
hotelimage_709,hotel_709,new_hotels_images/hotel_709.jpg
hotelimage_710,hotel_710,new_hotels_images/hotel_710.jpg
hotelimage_711,hotel_711,new_hotels_images/hotel_711.jpg
hotelimage_712,hotel_712,new_hotels_images/hotel_712.jpg
hotelimage_713,hotel_713,new_hotels_images/hotel_713.jpg
hotelimage_714,hotel_714,new_hotels_images/hotel_714.jpg
hotelimage_715,hotel_715,new_hotels_images/hotel_715.jpg
hotelimage_716,hotel_716,new_hotels_images/hotel_716.jpg
hotelimage_717,hotel_717,new_hotels_images/hotel_717.jpg
hotelimage_718,hotel_718,new_hotels_images/hotel_718.jpg
hotelimage_719,hotel_719,new_hotels_images/hotel_719.jpg
hotelimage_721,hotel_721,new_hotels_images/hotel_721.jpg
hotelimage_722,hotel_722,new_hotels_images/hotel_722.jpg
hotelimage_723,hotel_723,new_hotels_images/hotel_723.jpg
hotelimage_725,hotel_725,new_hotels_images/hotel_725.jpg
hotelimage_726,hotel_726,new_hotels_images/hotel_726.jpg
hotelimage_727,hotel_727,new_hotels_images/hotel_727.jpg
hotelimage_728,hotel_728,new_hotels_images/hotel_728.jpg
hotelimage_729,hotel_729,new_hotels_images/hotel_729.jpg
hotelimage_732,hotel_732,new_hotels_images/hotel_732.jpg
hotelimage_733,hotel_733,new_hotels_images/hotel_733.jpg
hotelimage_734,hotel_734,new_hotels_images/hotel_734.jpg
hotelimage_735,hotel_735,new_hotels_images/hotel_735.jpg
hotelimage_736,hotel_736,new_hotels_images/hotel_736.jpg
hotelimage_737,hotel_737,new_hotels_images/hotel_737.jpg
hotelimage_738,hotel_738,new_hotels_images/hotel_738.jpg
hotelimage_739,hotel_739,new_hotels_images/hotel_739.jpg
hotelimage_740,hotel_740,new_hotels_images/hotel_740.jpg
hotelimage_741,hotel_741,new_hotels_images/hotel_741.jpg
hotelimage_742,hotel_742,new_hotels_images/hotel_742.jpg
hotelimage_744,hotel_744,new_hotels_images/hotel_744.jpg
hotelimage_745,hotel_745,new_hotels_images/hotel_745.jpg
hotelimage_746,hotel_746,new_hotels_images/hotel_746.jpg
hotelimage_747,hotel_747,new_hotels_images/hotel_747.jpg
hotelimage_748,hotel_748,new_hotels_images/hotel_748.jpg
hotelimage_749,hotel_749,new_hotels_images/hotel_749.jpg
hotelimage_750,hotel_750,new_hotels_images/hotel_750.jpg
hotelimage_751,hotel_751,new_hotels_images/hotel_751.jpg
hotelimage_752,hotel_752,new_hotels_images/hotel_752.jpg
hotelimage_753,hotel_753,new_hotels_images/hotel_753.jpg
hotelimage_754,hotel_754,new_hotels_images/hotel_754.jpg
hotelimage_755,hotel_755,new_hotels_images/hotel_755.jpg
hotelimage_756,hotel_756,new_hotels_images/hotel_756.jpg
hotelimage_757,hotel_757,new_hotels_images/hotel_757.jpg
hotelimage_758,hotel_758,new_hotels_images/hotel_758.jpg
hotelimage_759,hotel_759,new_hotels_images/hotel_759.jpg
hotelimage_760,hotel_760,new_hotels_images/hotel_760.jpg
hotelimage_761,hotel_761,new_hotels_images/hotel_761.jpg
hotelimage_762,hotel_762,new_hotels_images/hotel_762.jpg
hotelimage_764,hotel_764,new_hotels_images/hotel_764.jpg
hotelimage_765,hotel_765,new_hotels_images/hotel_765.jpg
hotelimage_766,hotel_766,new_hotels_images/hotel_766.jpg
hotelimage_768,hotel_768,new_hotels_images/hotel_768.jpg
hotelimage_769,hotel_769,new_hotels_images/hotel_769.jpg
hotelimage_770,hotel_770,new_hotels_images/hotel_770.jpg
hotelimage_771,hotel_771,new_hotels_images/hotel_771.jpg
hotelimage_772,hotel_772,new_hotels_images/hotel_772.jpg
hotelimage_773,hotel_773,new_hotels_images/hotel_773.jpg
hotelimage_774,hotel_774,new_hotels_images/hotel_774.jpg
hotelimage_775,hotel_775,new_hotels_images/hotel_775.jpg
hotelimage_776,hotel_776,new_hotels_images/hotel_776.jpg
hotelimage_777,hotel_777,new_hotels_images/hotel_777.jpg
hotelimage_778,hotel_778,new_hotels_images/hotel_778.jpg
hotelimage_779,hotel_779,new_hotels_images/hotel_779.jpg
hotelimage_780,hotel_780,new_hotels_images/hotel_780.jpg
hotelimage_781,hotel_781,new_hotels_images/hotel_781.jpg
hotelimage_782,hotel_782,new_hotels_images/hotel_782.jpg
hotelimage_783,hotel_783,new_hotels_images/hotel_783.jpg
hotelimage_785,hotel_785,new_hotels_images/hotel_785.jpg
hotelimage_786,hotel_786,new_hotels_images/hotel_786.jpg
hotelimage_787,hotel_787,new_hotels_images/hotel_787.jpg
hotelimage_788,hotel_788,new_hotels_images/hotel_788.jpg
hotelimage_789,hotel_789,new_hotels_images/hotel_789.jpg
hotelimage_790,hotel_790,new_hotels_images/hotel_790.jpg
hotelimage_791,hotel_791,new_hotels_images/hotel_791.jpg
hotelimage_792,hotel_792,new_hotels_images/hotel_792.jpg
hotelimage_793,hotel_793,new_hotels_images/hotel_793.jpg
hotelimage_794,hotel_794,new_hotels_images/hotel_794.jpg
hotelimage_795,hotel_795,new_hotels_images/hotel_795.jpg
hotelimage_796,hotel_796,new_hotels_images/hotel_796.jpg
hotelimage_797,hotel_797,new_hotels_images/hotel_797.jpg
hotelimage_798,hotel_798,new_hotels_images/hotel_798.jpg
hotelimage_799,hotel_799,new_hotels_images/hotel_799.jpg
hotelimage_800,hotel_800,new_hotels_images/hotel_800.jpg
hotelimage_801,hotel_801,new_hotels_images/hotel_801.jpg
hotelimage_802,hotel_802,new_hotels_images/hotel_802.jpg
hotelimage_803,hotel_803,new_hotels_images/hotel_803.jpg
hotelimage_804,hotel_804,new_hotels_images/hotel_804.jpg
hotelimage_805,hotel_805,new_hotels_images/hotel_805.jpg
hotelimage_806,hotel_806,new_hotels_images/hotel_806.jpg
hotelimage_807,hotel_807,new_hotels_images/hotel_807.jpg
hotelimage_808,hotel_808,new_hotels_images/hotel_808.jpg
hotelimage_809,hotel_809,new_hotels_images/hotel_809.jpg
hotelimage_810,hotel_810,new_hotels_images/hotel_810.jpg
hotelimage_811,hotel_811,new_hotels_images/hotel_811.jpg
hotelimage_812,hotel_812,new_hotels_images/hotel_812.jpg
hotelimage_813,hotel_813,new_hotels_images/hotel_813.jpg
hotelimage_814,hotel_814,new_hotels_images/hotel_814.jpg
hotelimage_815,hotel_815,new_hotels_images/hotel_815.jpg
hotelimage_816,hotel_816,new_hotels_images/hotel_816.jpg
hotelimage_817,hotel_817,new_hotels_images/hotel_817.jpg
hotelimage_818,hotel_818,new_hotels_images/hotel_818.jpg
hotelimage_819,hotel_819,new_hotels_images/hotel_819.jpg
hotelimage_820,hotel_820,new_hotels_images/hotel_820.jpg
hotelimage_821,hotel_821,new_hotels_images/hotel_821.jpg
hotelimage_822,hotel_822,new_hotels_images/hotel_822.jpg
hotelimage_823,hotel_823,new_hotels_images/hotel_823.jpg
hotelimage_824,hotel_824,new_hotels_images/hotel_824.jpg
hotelimage_825,hotel_825,new_hotels_images/hotel_825.jpg
hotelimage_826,hotel_826,new_hotels_images/hotel_826.jpg
hotelimage_827,hotel_827,new_hotels_images/hotel_827.jpg
hotelimage_828,hotel_828,new_hotels_images/hotel_828.jpg
hotelimage_829,hotel_829,new_hotels_images/hotel_829.jpg
hotelimage_830,hotel_830,new_hotels_images/hotel_830.jpg
hotelimage_831,hotel_831,new_hotels_images/hotel_831.jpg
hotelimage_832,hotel_832,new_hotels_images/hotel_832.jpg
hotelimage_833,hotel_833,new_hotels_images/hotel_833.jpg
hotelimage_834,hotel_834,new_hotels_images/hotel_834.jpg
hotelimage_835,hotel_835,new_hotels_images/hotel_835.jpg
hotelimage_836,hotel_836,new_hotels_images/hotel_836.jpg
hotelimage_837,hotel_837,new_hotels_images/hotel_837.jpg
hotelimage_838,hotel_838,new_hotels_images/hotel_838.jpg
hotelimage_839,hotel_839,new_hotels_images/hotel_839.jpg
hotelimage_840,hotel_840,new_hotels_images/hotel_840.jpg
hotelimage_841,hotel_841,new_hotels_images/hotel_841.jpg
hotelimage_842,hotel_842,new_hotels_images/hotel_842.jpg
hotelimage_843,hotel_843,new_hotels_images/hotel_843.jpg
hotelimage_844,hotel_844,new_hotels_images/hotel_844.jpg
hotelimage_845,hotel_845,new_hotels_images/hotel_845.jpg
hotelimage_846,hotel_846,new_hotels_images/hotel_846.jpg
hotelimage_847,hotel_847,new_hotels_images/hotel_847.jpg
hotelimage_848,hotel_848,new_hotels_images/hotel_848.jpg
hotelimage_849,hotel_849,new_hotels_images/hotel_849.jpg
hotelimage_850,hotel_850,new_hotels_images/hotel_850.jpg
hotelimage_851,hotel_851,new_hotels_images/hotel_851.jpg
hotelimage_852,hotel_852,new_hotels_images/hotel_852.jpg
hotelimage_853,hotel_853,new_hotels_images/hotel_853.jpg
hotelimage_854,hotel_854,new_hotels_images/hotel_854.jpg

