review_id,hotel_id,rating,review_description
review_400,hotel_400,94,Zentraler geht‚Äòs nicht. Nettes kleines Hotel mit erstklassigem Service.
review_402,hotel_401,84,Nicht zu empfehlen  keine vier Sterne wert  wir werden dort nicht mehr n√§chtigen. Extrem enge G√§nge  h√§ufig mit W√§sches√§cken verstellt  schwerg√§ngige Feuert√ºren erschweren es zum Zimmer zu kommen. Das Zimmer an und f√ºr sich ist ok  obwohl es nur teilweise modernisiert wurde und somit sehr zusammengest√ºckelt aussieht. Das Zimmer ist klein. Bad und Toilette sind nicht renoviert  alt  muffig  da ein Feuchtigkeitsproblem besteht (es wird mit Vanillespray gespr√ºht). Die Badewanne ist extrem rutschig. Kein vern√ºnftiges Licht im Bad  kein Vergr√∂√üerungsspiegel. Die Toilette ist ein Kabuff. Empfangspersonal √ºberfordert  kommt mit Anfragen nicht zurecht. Nur der Housekeeping / Putzpersonal ist schnell und ordentlich.
review_404,hotel_402,86,2 Metrostationen innerhalb von 5 Gehminuten erreichbar. Qualit√§t des Fr√ºhst√ºcks gut  aber f√ºr 20 Eurp pro Person sehr wenig Auswahl. Leider bei der Buchung nicht angegeben  das der Hund pro √úbernachtung extra kostet Reinigungskosten.
review_406,hotel_403,82,Preis/Leistung v√∂llig OK  f√ºr ein paar N√§chte l√§sst es sich hier gut aushalten. Metro ist auch gleich ums Eck.
review_408,hotel_404,70,The Picture in the Homepage was different them live
review_410,hotel_405,90,Hotel sehr gut erreichbar  ruhig  sauber. Sehr freundliches  hilfsbereites  aufmerksames Personal.
review_412,hotel_406,88,Super Lage direkt am Gare de l'est f√ºr die Zuganreise aus Deutschland. Damit auch hervorragende Anbindung an die Metro.
review_414,hotel_407,82,Right in the heart of Paris  with a Metro Station just next to it!
review_416,hotel_408,82,Hotel war ok zum schlafen reicht es aber mehr nicht. War sehr klein und das sauberste auch nicht. Bettw√§sche war teilweise zerrissen. Fr√ºhst√ºck war f√ºr das Geld auch nicht angemessen.
review_418,hotel_409,94,Sehr sch√∂√∂√∂n und sehr nettes Personalüòä
review_420,hotel_410,80,Lage top. Sehr viele  abwechslungsreiche Restaurants. Tolle  kleine Gesch√§fte. In n√§chster N√§he zum Hotel viele Fr√ºhst√ºcksm√∂glichkeiten. Sehr freundliches und hilfsbereites Personal.
review_424,hotel_412,82,Die Lage des Hotels ist direkt an der Metrostation Abbesses. Das ist super  jedoch ist es im Sommer in den Zimmern sehr hei√ü  nicht klimatisiert und nachts drau√üen sehr laut. Du darfst nichts im Zimmer vergessen und ins Ausland zur√ºck fahren. Ein nachsenden der Sachen ist unm√∂glich! Ich musste also nochmal dorthin fahren und die Sachen abholen. Sehr √§rgerlich!
review_426,hotel_413,84,Der gute Anschluss zur Metro
review_428,hotel_414,94,Ein super s√ºsses  kleines und zentral gelegenes Hotel. Trotz der Lage direkt an der Strasse war es nachts √ºberraschend ruhig. Die Mitarbeiter sind super freundlich  hilfsbereit und immer zu einer Unterhaltung aufgelegt - ich habe mich sehr wohl gef√ºhlt.
review_432,hotel_416,80,Super Lage
review_434,hotel_417,84,Die Lage des Hotels ist ein Traum. Die Place du Tertre und Sacr√©-Coeur sind zu Fu√ü auf 5min erreichbar. Wir hatten ein Zimmer ganz oben im 5. Stock  die Aussicht war gigantisch. Begeistert hat uns aber vor allem die Freundlichkeit des Personals. Meine Tochter hatte leider nachts gesundheitliche Probleme und wir waren auf Hilfe angewiesen. Sogar nachts um 3 Uhr war die Rezeption besetzt und unser Problem konnte auf sehr freundliche und zuvorkommende Art und Weise gel√∂st werden. Nochmals vielen Dank daf√ºr! Wir kommen sicher wieder!
review_436,hotel_418,90,Architektur of the 1920's. Very nice ambiente.
review_438,hotel_419,92,Ich werde das Hotel auf jeden Fall weiterempfehlen. Es ist sehr sauber und das Personal sehr freundlich.
review_440,hotel_420,90,More a 4 Star Hotel‚Ä¶but very friendly staff!
review_442,hotel_421,84,Great location  very friendly check-in  24h check-in. Cute room and fresh air with two windows. Chocolate at reception for welcome.
review_444,hotel_422,82,Sch√∂nes Zimmer  super Lage. Genau richtig f√ºr ein 4 Tagestrip. Gerne wieder üëçüèº
review_446,hotel_423,86,Das Hotel ist wirklich empfehlenswert. Wir waren f√ºr 6 Tage dort. Als wir ankamen wurden wie sehr freundlich empfangen. Selbst mit gebrochenem Franz√∂sisch war das kein Problem. Die Zimmergr√∂√üe ist vollkommen ausreichend. Es wurde jeden Tag √§u√üerst gr√ºndlich gereinigt und jeden Tag wurden die Handt√ºcher gewechselt. Sogar die Bettw√§sche wurde f√ºr diesen kurzen Zeitraum 1x gewechselt. Das Fr√ºhst√ºcksbuffet war ausreichend: Baguettes & Croissants sowie Obst & Gem√ºse frisch  verschiedene Teesorten und ein Kaffeevollautomat sorgen f√ºr einen guten Start in den Tag. Und das Servicepersonal stets freundlich. Das Hotel ist in der N√§he von 2 Metrostationen und ca. 300m von Moulin Rouge entfernt und evtl. 800m von Sacre Coeur. Man wei√ü also  was einem erwartet. Dennoch ist es eine tolle Gegend  mit vielen kleinen Bistros und Gesch√§ften. Einziger Abzug: morgens wird es durch die M√ºllabfuhr und der Stra√üenreinigung etwas laut. Aber man will ja auch nicht zu lange schlafen  wenn man schon mal in Paris ist ;-)
review_448,hotel_424,90,Unterkunft ist in Ordnung  allerdings ein bisschen teuer daf√ºr  dass keinerlei Service geboten wird.
review_450,hotel_425,78,Minus: Breakfast is very poor and spartan and not a buffet as shown on pictures and condition of hotel and room - is really worn out. We put a special local food in frigde and after roomcleanning it was gone/stolen. We told reception and the respons was: Sorry. No compensation or further action was taken. Unfortunately we met other guests at the hotel who really was disappointed Postive: staff was friendly
review_452,hotel_426,92,Das Hotel ist klein und fein. Es ist modern und stilvoll eingerichtet und befindet sich mitten in Montmartre mit unz√§hligen Restaurants und Imbissen in der N√§he. Auch die Metro liegt fu√ül√§ufig. Das Personal war super freundlich  insbesondere der Gesch√§ftsf√ºhrer. Das Fr√ºhst√ºck war in Ordnung  ab 9:30 aber z.T. nicht mehr sch√∂n aufgef√ºllt.
review_454,hotel_427,92,Ich werde das Hotel auf jeden Fall weiterempfehlen. Es ist sehr sauber und das Personal sehr freundlich.
review_456,hotel_428,82,Gute Lage
review_458,hotel_429,94,.
review_460,hotel_430,90,Sehr kleines  gepflegtes Hotel in einer sch√∂nen Gegend von Paris  mit sehr netten Restaurants und M√∂glichkeiten zu Unternehmungen. Sehr pers√∂nlich gef√ºhrtes Hotel  sehr zweckm√§√üig und gut eingerichtete Zimmer  zwar klein  aber sehr funktionell. √úberaus freundliches Personal  Kaffeemaschine an der Rezeption immer Wasser auf dem Zimmer
review_462,hotel_431,86,WUNDERSCH√ñN WAR ES es liegt sehr zentral  Metro gleich zu erreichen
review_466,hotel_433,84,Sehr zentral  Parkhaus direkt gegen√ºber f√ºr knapp 40‚Ç¨/24 Std. (sollte man dazu berechnen). 5min. Fu√üweg zur Notre Dame. Essen kann die ganze Nacht lang √ºber Uber Eats bestellt werden  muss man aber an der Rezeption abholen  kein Zimmerservice. An den Betten keine Steckdose  Minuspunkt! Preis-Leistung ist niemals gerechtfertigt  Hotel verdient von der Lage.
review_468,hotel_434,86,Alles okay!
review_470,hotel_435,88,Wir waren f√ºr 6 Tage (2 Erwachsene plus Kind) in Paris und das Hotel hat uns sehr gut gefallen. Das Personal ist sehr freundlich und hilfsbereit üëçüëç. Die Lage ist sehr sch√∂n  zentral und trotzdem sehr ruhig üëç. Es ist eher ein kleines Hotel aber f√ºr uns genau richtig!!! Danke f√ºr die sch√∂ne Zeit!!!
review_472,hotel_436,90,Einchecken problemlos - sehr freundliche Dame. Restliches Personal bei Nachfragen eher belehrend. Zimmer sehr hellh√∂rig. Die G√§ste in dem Nebenzimmer stritten oft und bis sp√§t in die Nacht. Preis/Leistung o.k. Lage sensationell.
review_474,hotel_437,78,Check In war auf mehrfache Nachfrage erst um 15:30 Uhr m√∂glich. Trotz  dass das Zimmer schon l√§nger frei und bezugsfertig war  was sich hinterher herausstellte  wurde keinerlei Ausnahme gemacht  sodass man warten musste. Laut Beschreibung wurde uns ein Zimmer mit Stadtblick versprochen  stattdessen bekamen wir ein Zimmer mit Blick in den Innenhof  wenn man es denn √ºberhaupt Innenhof nennen kann. Beim hinausschauen erblickte man lediglich Dreck  M√ºll  Zigarettenst√ºmmel und ein altes Kondom. Soviel zu ‚ÄûMit Blick auf die Stadt‚Äú. Auf Nachfrage beim Hotelier an der Rezeption  gab es zun√§chst deutlich Verst√§ndigungsprobleme  da er m√§√üig Englisch sprach  sowie nicht mit sich reden lassen wollte. Er verweigerte ein anderes Zimmer f√ºr eine Nacht  mit der Begr√ºndung: es k√∂nne ja noch ein Gast kurzfristig f√ºr eine Nacht einchecken. Anderenfalls h√§tten wir ein anderes Zimmer mit Blick auf die Stadt f√ºr einen Aufpreis von 160‚Ç¨ kriegen k√∂nnen  oder aber ein Zimmer ohne Bad. Solche eine unkooperative Hotelleitung haben wir bisher noch nie erlebt. Selbst den Schmutz im Zimmer  sowie Haare auf dem Bett  verneinte der Hotelier mit der Antwort  es sei sehr sauber und top modern. Die Zimmer sehr hellh√∂rig  sodass man die Gespr√§che auf dem Flur  sowie an der Rezeption schon fr√ºh am Morgen mitbekam. Der F√∂hn funktionierte nicht. Schlussendlich kann man sagen  dass sich dieses Hotel in einer guten Lage befindet  das Personal und die Zimmer leider nicht zu empfehlen sind.
review_476,hotel_438,80,Deux. Nuits dans une chambre de 12 m¬≤  PETIT  mais tr√®s fonctionnel avec beaucoup de go√ªt propre. Rien √† redire sur le logement  petit inconv√©nient sur notre s√©jour  pas mal de bruit en ext√©rieur dans la rue je recommande.
review_478,hotel_439,80,Sehr zentral!
review_480,hotel_440,86,Very nice place. They gave me an upgrade because the hotel was full and the room was incredible.
review_482,hotel_441,94,Das Beste Zimmer  in der 6. Etage  mit Blick auf den Eiffelturm beommen.
review_484,hotel_442,86,Wir waren bis jetzt immer zufrieden. Bei fiesem Aufenthalt wurde vergessen  das zimmer zu reinigen. Handt√ºcher wurden nicht susreichend zur Vetf√ºgung gestellt. Die Kaffeemaschine war defekt. Im Badezimmer hatten die Fugen und das Silikon vermehrt Schimmel. Im ganzen lie√ü die Sauberkeit zu w√ºnschen √ºbrig. Schade.
review_486,hotel_443,94,Fu√ül√§ufig war das Moulin Rouge sowie zahlreiche Bars und Cafes zu erreichen. Die n√§chste Metrostation war in 4 Minuten erreichbar. Vom Bahnhof Gare du Nord 10 Minuten entfernt. Das Hoteln war Romantisch und Ruhig.
review_488,hotel_444,88,Superbe hotel‚Ä¶ tout est parfait
review_490,hotel_445,90,Das Standard-Doppelzimmer ist zu klein  nur ca. 10m¬≤. Das Zimmer hatte nur Fenster zu einem ca. 4x4 m gro√üen Lichtschacht  war aber ruhig und sehr zentral gelegen. Der Safe ist zu klein f√ºr einen 13' Laptop. Bett und Einrichtung waren in Ordnung. Das Hotel liegt in einem tollen Viertel  in dem man gut essen kann.
review_492,hotel_446,82,24h reception  compfortable beds  rooms are large enough and everything was very clean. We enjoyed our stay and would come back when visiting Paris next time :-)
review_494,hotel_447,82,Nice and big room with kids. 2 bathrooms  near the metro.
review_496,hotel_448,92,Ok
review_498,hotel_449,80,Gute Lage  kleine aber durchdachte Zimmer  gut angebunden
review_500,hotel_450,86,All ok  the hotel is nice and central  clean and calm
review_502,hotel_451,94,Super zentral gelegen ein ganz tolles kleines Hotel
review_504,hotel_452,90,Sehr laut innerhalb des Hotels - auch nachts
review_506,hotel_453,92,Wir waren sehr zufrieden. Kleines  nettes Hotel in netter Gegend.
review_508,hotel_454,94,Wer einen ruhigen R√ºckzug f√ºr eine St√§dtetour sucht ist hier richtig. Trotz der N√§he zum Moulin Rouge (2 Minuten zu Fu√ü) ist es eine sehr ruhige Ecke. Metro Station ist ca. 2 Minuten entfernt. Die etwas kleinen Zimmer (subjektiv) betonen das charmante Feeling am Momatre.
review_510,hotel_455,78,zu teuer
review_512,hotel_456,84,Z
review_514,hotel_457,88,g
review_516,hotel_458,90,Absolument parfait
review_518,hotel_459,92,Gute Lage  saubere sch√∂ne Zimmer. F√ºr Kurztrip ideal. Mitarbeiter waren immer freundlich.
review_520,hotel_460,90,Zentrale Lage mit vielen √ñffi Verbindungen am Gare de Lyon!
review_522,hotel_461,94,Es ist ein charmantes Boutiquehotel. Beeindruckende Fassade  eine geschmackvolle Einrichtung  Restaurant wie Zimmer. Die Lage ist hervorragend. Sch√∂ne Umgebung. Mein Zimmer lag leider zur Stra√üe ausgerichtet und war sehr  sehr laut. M√ºllabfuhr und Lieferfahrzeuge jeden Morgen und Nachts L√§rm von feiernden Leuten. Das h√∂rt man leider auch bei geschlossenem Fenster.
review_524,hotel_462,96,Extraordinary Service and Breakfast. Delicious bedtime sweets
review_526,hotel_463,86,Ok. Ok
review_528,hotel_464,78,Very polite and helpful staff
review_530,hotel_465,96,top Stadthotel. gute und f√ºr Paris gro√üe Zimmer. sch√∂ne kleine Sauna und Steam.
review_532,hotel_466,84,The staff was very friendly and kind. They speak several languages so it was really easy to do the check in and check out.
review_534,hotel_467,96,Sch√∂nes sauberes Hotel
review_536,hotel_468,64,Die Betten waren durchgelegen  Zimmer renovierungsbed√ºrftig
review_538,hotel_469,90,Sehr laut innerhalb des Hotels - auch nachts
review_540,hotel_470,80,The cleaners just barged in my room for both the days I was there and I was shocked to suddenly have to wake up. I could not rest easily and when asked to wait for the cleaning later  hey just stood outside my room and kept waiting and then knocked again after 5-10 mins.
review_542,hotel_471,98,Sch√∂nes Hotel mit ausgefallenem Design.
review_544,hotel_472,96,Superb location. Modern interior and so beautifully maintained. We had the best time. Our two bedroom apartment had the best view of the Eiffel and if you went to the rooftop it‚Äôs almost in front of your eyes. But what made it special is the excellent start to finish service from the staff. I will definitely ONLY stay here when I visit Paris.
review_546,hotel_473,86,Der Raum war zwar sauber  aber abgenutzt. Das Holz der M√∂bel war abgerieben und wellig und an der Wand war Farbe abgeplatzt. Das Fenster wurde durch eine alte Gardine abgedunkelt  anders als es die Bilder im Internet suggerieren. Insgesamt keine 4 Sterne wert. Der erste Concierge wollte f√ºr uns einen anderen Raum herrichten lassen  wovon sein Nachfolger am Abend nichts wusste und zu uns meinte  es w√§re alles ausgebucht und wir k√∂nnten nicht umziehen. Sehr √§rgerlich.
review_548,hotel_474,92,Nice and small hotel  welcome was a bit cold and a bit complicated  night clerk very friendly!
review_550,hotel_475,94,Toller Ausblick auf die Stadt. Sehr sch√∂nes Zimmer.
review_552,hotel_476,84,It was really a nice   historical and comfortable place!
review_554,hotel_477,72,Super zentral  Metrostation 5min zu Fu√ü erreichbar. Sehr nettes Personal  nur etwas hellh√∂rig.
review_556,hotel_478,88,Tolle Lage  Parkgarage vor der T√ºr  sehr freundlich
review_558,hotel_479,90,Sehr nettes und zuvorkommendes Personal! Tolles Fr√ºhst√ºck in sch√∂nem Ambiente. Wir hatten ein kleines Problem mit dem Parkhaus aber auch dort wurde uns sofort geholfen. Alles in Allem wundersch√∂n.
review_560,hotel_480,92,Alles sehr gut  nur die Zimmer bisschen arg eng
review_562,hotel_481,92,Super cute hotel with very kind staff.
review_564,hotel_482,78,Mini-Appartement im Herzen des Marais  etwas eng aber ging. Mit Terrasse im Hinterhof. Notwendigste K√ºchenutensilien vorhanden. Die rein digitale Kommunikation ohne pers√∂nliche Ansprache f√ºr mich gew√∂hnungs bed√ºrftig.
review_566,hotel_483,72,Kleines Zimmer  schon abgewohnt  die Sauberkeit an der Grenze   Klimaanlage im Zimmer als Mobilger√§t zum Fenster  dieses nicht nuztbar  Sicht in Innenhof  f√ºr 200 Euro pro Nacht teuer  Gute Lage  mehrere Metrostationen in der N√§he  Personal freundlich
review_568,hotel_484,90,The Room was very beautiful and the view was stunning.
review_570,hotel_485,94,:-)
review_572,hotel_486,80,Das Hotel ist sehr zentral  aber trotzdem ruhig. Alles ist zu Fu√ü super zu erreichen. B√§ckereien  Restaurants  Supermarkt  Apotheke alles in unmittelbarer N√§he und nur paar Minuten zu Fu√ü. Das Hotel war sehr sauber  die Mitarbeiter sehr freundlich und hilfsbereit.
review_574,hotel_487,84,mold in the bathroom (around bath fixtures). On one day there was no room service (we stayed 5 days). Some of the female staff is not very friendly. Besides this its a good place and very quiet and safe. I would recommend it!
review_576,hotel_488,96,Terrible experience with the male receptionist who claimed to be the manager when the shower in our room was running at boiling temperatures. Called two times in the span of 30 mins. Arrived 10 mins late after the second call. Tried to fix it himself by hand labor but failed after 15mins. Spent 45mins bargaining with us until he conceded to just letting us a working shower next door - after claiming the hotel is completely booked out. When I asked for a partial refund: he implied that he didn‚Äôt have to ‚Äúsolve the issue‚Äù for us if we didn‚Äôt ‚Äúcooperate‚Äù. I believe he meant for us to not make any noise that may affect his position. After 15 mins the real manager came whom had apologized and gave us the better room. She helped with moving our luggage and I believe that deserves some credit. I am baffled at the lies he gave and he attempted at making our request preposterous when we were tried and wanted to have our needs taken care of. For the affordable price  we understand it was just a stay solution. However  the amount of angst and disappointment we felt from this man was entirely unworthy of the savings. The pictures looked more polished than it really is. Dust accumulated in corners. Air conditioning had a loud hum. I‚Äôm merely describing my experience  do what you will with these informations.
review_578,hotel_489,88,Wir hatten leider kein Fenster im Zimmer
review_580,hotel_490,94,Ok
review_582,hotel_491,82,Gewohnt freundlicher Empfang. Aufzug vom Ein- bis zum Auschecken defekt. Offenbar kein Notdienst an Wochenenden und Feiertagen. Bedauerlich  denn dadurch wurde es zu einem extrem l√§rmbelasteten Aufenthalt im Zimmer! Alle G√§ste waren gezwungen  die - nahe am Zimmer gelegene - Treppe zu nutzen. Tag und Nacht! Hellh√∂riges Zimmer: Gespr√§che aus Nebenzimmern gut h√∂rbar. Toilettendeckel gebrochen. Schade  denn vor zwei Monaten war der Aufenthalt in einem Zimmer derselben Kategorie (damals im 5. OG) ungetr√ºbt.
review_584,hotel_492,90,Es war alles bestens. Ein wirklich nettes Hotel in Paris.
review_586,hotel_493,96,Das Zimmer war klein aber sauber. Das Design des Hotels und der Zimmer ist extravagant. Im Zimmer hat ein Kleiderschrank gefehlt. Das Service ist sehr freundlich und das Fr√ºhst√ºck war sehr gut. Wir w√ºrden in jedem Fall wieder kommen!
review_588,hotel_494,90,Es war alles bestens. Ein wirklich nettes Hotel in Paris.
review_590,hotel_495,86,Muchas gracias üòä
review_592,hotel_496,78,Zu klein zu poplisch.
review_594,hotel_497,80,Sehr zentrale  gleichwohl ruhige Lage. Zimmer zwar sehr klein  Schrank erlaubte indessen Verstauen von Kleidung  Koffern und Schuhen. Fr√ºhst√ºck eher bescheiden  aber ausreichend. Wir kommen gerne wieder.
review_596,hotel_498,80,good
review_598,hotel_499,96,Alles super! Es gibt keine Kritk nur positives Feedback!
review_600,hotel_500,92,Aber leider zuviele Diebe in Paris
review_602,hotel_501,86,Mir gefiel alles war super gelegen alles Fu√ül√§ufig sehr gut erreichbar. Die mitarbeiter sehr nett und Fr√ºhst√ºcksbuffet war auch lecker
review_604,hotel_502,82,Die Zimmer befinden sich in ejnem nicht so gutem Zustand.
review_503,hotel_503,96,Tolle Unterkunft und alles fu√ül√§ufig erreichbar. Man konnte sich Wasser in Flaschen f√ºr das Zimmer abf√ºllen und auch der Service war sehr nett
review_505,hotel_504,92,Muy bien üí™üí™
review_507,hotel_505,92,‚Ä¶
review_509,hotel_506,96,Tolle Unterkunft und alles fu√ül√§ufig erreichbar. Man konnte sich Wasser in Flaschen f√ºr das Zimmer abf√ºllen und auch der Service war sehr nett
review_511,hotel_507,92,Muy bien üí™üí™
review_513,hotel_508,82,Great location  very close to train and metro stations. Room size was ok. Bed was way too soft. I woke up every morning with pain in the back. Bathroom is tiny.
review_515,hotel_509,92,Sehr verkehrsg√ºnstig gelegen  gleich neben Bahnhof Termini.
review_517,hotel_510,98,Es ist eine super Unterkunft mit sehr freundlichen Gastgebern. In sehr guter Lage. Alles bestens  kommen gerne wieder.
review_519,hotel_511,90,Das 3. mal dieses Hotel besucht. Bisher sind wir immer zufrieden gewesen. Dieses mal war das Zimmer auch soweit gut  jedoch war vor dem Bad das Parkett total kaputt und es standen Teile davon ab so dass man sich daran verletzten konnte. An der Duschabtrennung war in den Ecken relativ viel Schimmelbildung. Auch war es nicht m√∂glich das Bad zu l√ºften da das Fenster so hoch war das man ohne Leiter nicht dran kam.
review_521,hotel_512,90,Sehr sch√∂ne Unterkunft in zentraler Lage. Die Besitzer und das Personal sind sehr herzlich und hilfsbereit. Es wurde problemlos eine kleine Geburtstags√ºberraschung organisiert. Am Abreisetag wurde uns angeboten das Gep√§ck bis zum Abend zu deponieren und nach R√ºckkehr den Waschraum des Personals zu benutzen. Zimmer und Fr√ºhst√ºck waren ebenfalls v√∂llig in Ordnung. Absolut empfehlenswert!
review_523,hotel_513,84,Das Hotelzimmer war (Bett  Bettw√§sche  M√∂bel  K√ºhlschrank) in gutem Zustand. Die Bedienung war freundlich und famili√§r. Das Zimmer war sehr sauber. Die Lage (zum Kolosseum) ist hervorragend. Allerdings ist es nachts in der Gegend recht laut (wir hatten das Zimmer zur Stra√üe).
review_527,hotel_515,98,Very nice room  very well equipped and perfect location (only a few minutes walk to colosseum). Lots of good restaurants nearby. Thank you for a very pleasant stay!
review_529,hotel_516,96,Gut
review_531,hotel_517,96,Statt vieler Worte  10 von 10 f√ºr die sch√∂nen Tage dort. Guido
review_535,hotel_519,88,Die Unterkunft liegt zentral und hat eine gute Lage. Das Personal ist sehr nett und die Zimmer sind modern eingerichtet. Sie sind sauber und gut ausgestattet. Man f√ºhlt sich heimisch und wir w√ºrden die Unterkunft nochmal buchen  wenn wir nach Rom fahren!
review_537,hotel_520,94,Sehr gute zentrale Lage  super Bett und sehr sch√∂nes Bad. Checkin problemlos und sehr freundlicher Empfang.
review_539,hotel_521,90,Esperienza positiva ma che non replicherei
review_541,hotel_522,80,Direkt am Termini Bahnhof und sehr einfach erreichbar. Nettes Personal
review_543,hotel_523,94,Sehr nette Mitarbeiter  perfekte Lage  fast alles fu√ül√§ufig erreichbar  und tolle Rooftopbar!
review_545,hotel_524,82,Perfekt
review_547,hotel_525,86,Sehr zu empfehlen. Wir hatten ein Zimmer zum Hinterhof wodurch es sehr ruhig war. Alles ist so wie auf den Fotos dargestellt. Die Lage ist zentral gelegen und alle Sehensw√ºrdigkeiten sind fu√ül√§ufig erreichbar. Wir werden bei unserem n√§chsten Besuch in Rom hier wieder √ºbernachten.
review_549,hotel_526,86,Sch√∂nes hotel in super Lage  alle sehr freundlich Einziger Nachteil: Zimmer sind recht hellh√∂rig.
review_551,hotel_527,90,Die Unterkunft ist sehr gut gelegen. Der Eingang ist etwas versteckt zwischen zwei Restaurants. Unser Zimmer auf der 3. Etage war recht gro√ü. Obwohl sich der Fr√ºhst√ºcksraum im Flur vor unserem Zimmer befand  war es verh√§ltnism√§√üig leise. Jedoch ist aufgrund der Lage direkt in der N√§he von unz√§hligen Restaurants und Bars die Lautst√§rke dementsprechend. Da k√∂nnen auch die recht guten Fenster nicht alles isolieren. Wer viele Sehensw√ºrdigkeiten zu Fu√ü erreichen m√∂chte und auch weitere Wege nicht scheut ist hier bestens aufgehoben.
review_553,hotel_528,90,It's the perfect stay for a weekend trip. To go sightseeing all of it can visit by foot. The room was very pretty and clean. The service was excellent. She was very helpful. Thanks for that!
review_555,hotel_529,88,The room is okay if you only use it to sleep. It does not have elevator so for people who has a lot of big luggages  it will be a hassle. Amenities are limited to shampoo  facial soap and bath gel. The location is great though as it is walkable to Colosseum and restaurants are just next door. If you are sensitive to noise  this is not for you as the room walls are thin. No iron or perculator in the room or laundry area in the bldg.
review_557,hotel_530,98,Nice place to stay in a lively area with lots of opprtunities to eat and shop just around the corner. Everything is well organised (check-in  breakfast  umbrellas for free  kitchen‚Ä¶). Breakfast on the rooftop is something special (positive). Clean rooms  elevator in the building and helpful staff. Enjoyed it there!
review_559,hotel_531,94,I can only recommend the hotel: Absolutely clean  quiet and centrally situated  with an excellent breakfast. I would particularly like to emphasise the staff: they are competent  friendly and always ready to help.
review_561,hotel_532,86,Klassizistisch eingerichtetes 4* Hotel in der N√§he von Roma Termini. Erstklassiges Personal  ger√§umige  saubere Zimmer mit gutem Schlafkomfort. Ger√§umiges Badezimmer mit etwas unpraktischer Dusche (Warmwasser braucht seine Zeit  Wasser tritt aus der Dusche aus). Das Fr√ºhst√ºck ist ausreichend  entspricht allerdings nicht dem sonstigen  hohen Standard des Hotels  sondern ist durchschnittlich. Die Bar ist gut sortiert  das Restaurant habe ich nicht frequentiert. Check-in und -out waren sehr schnell abgewickelt. Durch die g√ºnstige Lage zu Roma Termini ist die Anreise vom Flughafen problemlos mit Zug oder Bus m√∂glich. In der Umgebung des Hotels gibt es ausreichend Restaurants und Shoppingm√∂glichkeiten  viele Sehensw√ºrdigkeiten Roms sind fu√ül√§ufig erreichbar.
review_563,hotel_533,90,Ein wirklich wunderbares Boutique Hotel mitten im Herzen von Rom. Die Lage ist unschlagbar und f√ºr einen St√§dtetrip perfekt. Man ist direkt an der Via del Corsa und in wenigen Minuten fu√ül√§ufig am Trevi Brunnen  der Spanischen Treppe und dem Pantheon. Au√üerdem hat man eine wundersch√∂ne Umgebung mit einem s√º√üen Marktplatz vor dem Hotel  auf welchem man ausgezeichnet fr√ºhst√ºcken oder auch mal einen Aperitif oder Kaffee trinken kann. Das Hotel ist wundersch√∂n gestaltet und war sehr sauber. Das Personal war sehr freundlich und hat uns auch Tipps gegeben f√ºr unsere St√§dtetour. Die Zimmer haben Charme und sind sehr stilvoll eingerichtet. Die Betten waren sehr bequem. Die einzigen Kritikpunkte sind  dass es nachts etwas kalt im Zimmer war und man die Zimmertemperatur nicht regulieren konnte. Des Weiteren war es vor allem von au√üen sehr hellh√∂rig. Man hatte das Gef√ºhl man schl√§ft mit offenen Fenster und hat so den ganzen L√§rm vom stark besuchten Platz mitbekommen. Ich w√ºrde das Hotel jederzeit jedem weiterempfehlen der einen St√§dtetrip nach Rom unternimmt aufgrund der Mischung aus dem unschlagbaren Standort und der stilvollen und luxori√∂sen Einrichtung.
review_565,hotel_534,84,Sehr gute Lage in Rom. Alles zu Fu√ü erreichbar. Sehr nah am Travtevere Viertel  mit tollen Restaurants und Bars.
review_569,hotel_536,92,Everything was great.
review_571,hotel_537,96,Perfect stay with exceptional personal service We had an amazing stay at the Hanky Suite  mainly thanks to Maria! From the very beginning  she took great care of us and was always available via WhatsApp to answer any questions we had. A special highlight was the lovely surprise she prepared for us on New Year‚Äôs Eve ‚Äì such a thoughtful gesture! Maria always had plenty of excellent restaurant recommendations and was a huge help in planning our stay. Her kindness and dedication made our vacation even more special. Absolutely recommendable! We‚Äôd love to come back!
review_573,hotel_538,88,We have enjoyed our stay at Hotel Le Clarisse al Pantheon. The location is fantastic and the room was clean. We also had no issues with noise from the street or from other rooms. The hotel staff was friendly and very helpful as they did some prints for us free of charge. Unfortunately  our experience was dampened by a few smaller issues that we encourage the hotel to fix for the future: - the Wi-Fi did not work in our second floor room and despite mentioning it to the staff every single day of our stay  they were not able to fix it. - the breakfast terrace (very visible on the pictures and one of the USPs of this hotel) was closed due to construction works. This in our view should at least have been communicated in advance. - the inner door frame of our bathroom was splintered near the ground. This should be fixed to avoid people from hurting themselves - the water temperature in the shower was not stable  shifting from warm to cold.
review_575,hotel_539,90,Zimmer ist f√ºr klein Kinder nicht geeignet. Esstisch  betttische sind mit Glas ausgestattet aber Gl√§ser sind nicht stabil und sicher. Boden ist sehr kalt und hart. Es gibt nur eine an der Stiegenhaus √∂ffneten Fenster also keine frische Luft und Tageslicht im Zimmer.
review_577,hotel_540,92,When you first enter the building for this hotel  it feels odd  the building is old and the elevator is questionable but safe. Honestly that‚Äôs all that I can say was bad about this property  everything else was great although the property is old the rooms are very modern and nice ( I will add they are a bit small). We got lucky and got room 2 that had a corner balcony so we were able to enjoy views from both sides of the property. The staff  particularly Joy  were extremely accommodating and friendly. They also were able to help me with a self check in with very clear instructions. As far as location the hotel is located directly next to some old Roman ruins that also acts as a little plaza were trams and buses arrive. All popular attractions are a 10-20 min walk and there is plenty of good food options around.
review_579,hotel_541,94,Vielen Dank‚Ä¶.. wir kommen wieder
review_581,hotel_542,92,Service und Inhaberin super freundlich  top Lage direkt am Kolosseum. Fr√ºhst√ºcken sollte man extern.
review_583,hotel_543,92,Nattes kleineres Hotel in einer sehr sch√∂nen  ruhigen Umgebung von Rom  etwas abseits dem eigentlichen Zentrum  Sehr freundliches Personal. Wir w√ºrden bei einem weiteren Aufenthalt in Rom wohl wieder im Hotel Sourire buchen.
review_585,hotel_544,90,Alles gut und funktioniert Bestes Hotel Ich werde wiederkommen
review_587,hotel_545,90,amazing staff
review_589,hotel_546,86,Nettes Personal
review_591,hotel_547,80,alles ist gesagt
review_593,hotel_548,94,Sehr empfehlenswert  sauber  hilfsbereites und freundliches Personal.
review_595,hotel_549,92,Wir hatten 6 wunderbare Tage in Rom.
review_597,hotel_550,92,Good and nice hotel! 15 walk to city centre. Breakfast okay! I appreciate my stay
review_599,hotel_551,90,Very centralized and clean and nice rooms. It can be a bit noisy at night particular at the weekends.
review_601,hotel_552,94,Perfect for a short sightseeing trip.
review_603,hotel_553,74,Very modern lodging in a historic building  an easy walk from Termini Station. Clean  attractive  spacious and comfortable. Biggest shower I have encountered in Europe. Communication before and during stay via WhatsApp was timely and helpful. Will return.
review_605,hotel_554,88,Excelente ubicaci√≥n  personal muy amable  cama muy c√≥moda  ba√±o amplio
review_607,hotel_555,94,Ein Hotel was jeden seiner 5 Sterne verdient hat! Der Service war exzellent. Das Fr√ºhst√ºck war fantastisch und die Sauberkeit bekommt eine 1 . Auch die Lage ist absolut perfekt  alle gro√üen Sehensw√ºrdigkeiten sind fu√ül√§ufig erreichbar.
review_609,hotel_556,90,We stayed in the Annex building. Excellent Location. Lots of stairs  so not for someone with mobility issues. Also in a pedestrian only area  so the taxi cannot stop in front of the building. Very attentive staff and clean and comfortable room.
review_611,hotel_557,94,In the middle of everything!
review_613,hotel_558,96,Super aufmerksames Personal  wir wurden sehr freundlich empfangen und haben uns sehr wohl gef√ºhlt.
review_615,hotel_559,86,Excellent location  very friendly family hotel. Compact rooms and basic facilities  but excellent value for money and so much to see and do on your doorstep.
review_617,hotel_560,92,Waren f√ºr 2 N√§chte dort und jeweils ein anderes Zimmer pro Nacht gehabt  da wir das Angebot bekommen haben f√ºr ganz wenig Geld vom iZen Zimmer (was auch schon ein Upgrade war von dem iTube Zimmer  das wir eigentlich gebucht haben!) auf das iMovie Zimmer mit Jacuzzi zu upgraden. Leider funktionierte an dem Tag der Filmprojektor nicht wirklich (Netflix verf√ºgbar!!)  aber das war uns eigentlich egal  da wir uns einfach im Jacuzzi entspannt haben und wir dann noch weniger zahlen mussten f√ºr dieses tolle Zimmer. In dem davor (iZen) bestand die Dusche sogar auch aus einer Grotte mit kleinen Wasserf√§llen - EINMALIG! Und das Personal war immer erreichbar  sehr hilfsbereit und immer gut drauf! SEHR ZU EMPFEHLEN!!!
review_619,hotel_561,88,Die Unterkunft ist absolut schwer zu finden  da an der T√ºr nur ein ganz kleines Schild ist. Kein Schriftzug am Haus oder irgendwo sichtbar. Wir sind sicher 5 Mal dran vorbei gelaufen bis wir es gefunden haben. Der erste Eindruck im Treppenhaus war nicht so toll. Hat sich aber wirklich als falsch raus gestellt. DieDas Zimmer war mega gut!
review_621,hotel_562,88,Zentrale Lage und sehr ruhig.
review_623,hotel_563,96,Sehr sch√∂ne Location  sehr freundliches Personal. Die Zimmer sind etwas in die Jahre gekommen (z.B. Verf√ºgbarkeit von Steckdosen  Beleuchtung etc  haben daf√ºr aber einen gro√üen Charme. Der Fr√ºhst√ºcksservice dauert allerdings zu lange  insbesondere wenn man als Gesch√§ftsreisender unterwegs sind.
review_625,hotel_564,94,.
review_627,hotel_565,80,Die Unterkunft ist etwas in die Jahre gekommen und sollte modernisiert oder saniert werden.
review_629,hotel_566,82,The hotel itself is nicer than it seems it is online. The front desk is available 24 hours  which is rare for Italy. They let us check our bags at 9 am and check in at 10- which is super nice. There are no elevators and they don‚Äôt help you bring up your bag  so be prepared to carry your bag to the third floor . However  the room was nice and the bathroom was too. The location is incredible!!! It‚Äôs loud at night  but what do you except for being in such a prime location? Definitely recommend
review_631,hotel_567,94,Die Bilder der Zimmer spiegeln nicht die Realit√§t wider und sind sehr klein und dunkel Das housekeeping besitzt viele Verbesserungsmoglichkeiten
review_633,hotel_568,82,Ein sch√∂nes und anderes Hotel. Keine besetze Rezeption. Claudia steht aber per Rat und Tat zur Seite!
review_635,hotel_569,90,Booked a room with one Queen bed and one Single bed which (as advertised) would accomodate 4 persons. Was travelling with my mother so I wanted two beds. Check In was easy. Location ist very good  Just about 400m to the Colosseum. What we got was a very nice and clean room with a Queen bed and a sleeping Couch. No single bed  but a sleeping Couch...I was OK with that. But I couldn't find a second blanket  there was only the one for the Queen bed. Asked them at around 7pm If I could get another blanket. They just asked for the ID of the second person and denied a second blanket. Horrible service. How this is listed as an accomodation for 4 people is beyond me. Paying ~130 Euros for 1 night and getting this service and a false advertised bed situation is ridiculous. Travelled all over the world but this service ( regarding the price p night ) unfortunately was one of the worst I experienced.
review_637,hotel_570,76,Everything was very smooth
review_639,hotel_571,86,Zimmert√ºre komplett undicht. T√ºre 5-10mm kleiner als der Rahmen. Sofort moniert  Rezeption desinteressiert. Erste Nacht kaum geschlafen da jedes Ger√§usch ungefiltert ins Zimmer drang. Problem notd√ºrftig erst am Folgetag versucht zu beheben. Ich habe in dem Hotel den runden Geburtstag meiner Frau gefeiert und die Reise sehr gr√ºndlich geplant. Auch schriftlich mehrfach den Grund der Reise erkl√§rt. Niemand hat meiner Frau gratuliert. Der Tisch in der American Bar f√ºr falsche Uhrzeit reserviert als von mir gebeten. Der nette Barkeeper hat das Problem aber meisterhaft gel√∂st! Grazie! Heute beim Check-Out Probleme beim Manager h√∂flich angesprochen als er fragte ob wir zufrieden waren  bis auf ein Zucken der Schultern keine weitere Reaktion. Perfekte Lokation f√ºr eine romantische Reise aber hier sind definitiv einige stellen fehlbesetzt. Wir kommen nicht mehr in dieses Hotel.
review_641,hotel_572,72,Me gusto mucho el lugar  excelente ubicacion. La web dice desayuno y laundry pero no tiene.
review_643,hotel_573,76,Could have been cleaner  also shower temperature changed uncontrollable
review_645,hotel_574,92,The stay was great all around. We would come here again. Highly recommended.
review_647,hotel_575,88,Sehr sch√∂n ruhƒ±g aber sehr Central zu allen Sehensw√ºrdigkeiten zu Fu√ü erreichbar Sch√∂n k√ºhles Zimmer . Und qualitativ guter Kaffee for free. Sehr sch√∂ner service
review_649,hotel_576,84,Would stay again!
review_651,hotel_577,94,Beste Lage - alles zu Fu√ü erreichbar! Wenn wir wieder nach Rom kommen sollten  dann definitiv wieder hier ins Hotel!
review_653,hotel_578,94,Das Hotel liegt im Herzen Roms und man kann die Highlights der Stadt sehr gut zu Fu√ü erreichen. Am Abend ist man mitten im Geschehen und hat eine gro√üe Auswahl an Restaurants und Eisl√§den. Nat√ºrlich ist die Anreise mit dem Auto dadurch etwas schwieriger  aber der vom Hotel perfekt organisierte Transportservice hat einwandfrei funktioniert. Das Hotel ist klein und im 4. Stock eines sch√∂nen Wohnhauses untergebracht. Unser Zimmer war genau wie auf den Bildern abgebildet und hatte einen tollen Blick √ºber die D√§cher von Rom.
review_655,hotel_579,88,Sehr angenehme Matratzen nach langen Ausfl√ºgen!
review_657,hotel_580,88,Ist vom trastevere Bahnhof einfach mit dem Bus zu erreichen und es gibt zahlreiche gute lokale fu√ül√§ufig erreichbar
review_659,hotel_581,94,The hotel has a great location. I strongly advise for short trip.
review_661,hotel_582,96,Die perfekte Lokation mitten in Rom. Sauber  tolle und gro√üz√ºgige Ausstattung  alles sehr bequem. Und was f√ºr ein freundliches und engagiertes junges Team - einfach perfekt f√ºr Tage mit vielen auch anstrengenden Besichtigungen. Wir kommen sicher wieder!
review_663,hotel_583,92,For me and my wife  the stay here was exceptional. We met nothing but a very friendly and helpful treatment  and received a very nice treatment  including personal advices and help.
review_665,hotel_584,90,"Wir wohnten f√ºr 5 N√§chte in diesem Hotel. Das Personal ist als erstes zu erw√§hnen : euserst nett  hilfsbereit und kompetent! Zimmer sind klimatisiert  sauber  Betten sind gut. Einrichtung zweckm√§√üig  aber f√ºr ein Hotel in dieser Stadt  in dieser zentralen Lage und f√ºr diesen Preis v√∂llig ausreichend  das hei√üt  wenn man die Stadt sehen m√∂chte und nicht ""Stubenhocker"" spielt. Zimmer zur Stra√üe sind naturgem√§√ü fr√ºh etwas laut bei offenem Fenster. Nach hinten ist es fr√ºh ruhiger  Fr. bis So. abends jedoch lauter  da dahinter ein gepflegtes Kneipenleben statt findet. Ich w√ºrde kein Fr√ºhst√ºck buchen  es gibt gen√ºgend M√∂glichkeiten dazu  nach jedem Geschmack und Geldbeutel. Zumal Fr√ºhst√ºck in einem anderen Haus serviert wird. Fazit: ein sehr angenehmes St√§dtetouren-Hotel in einer zentralen und gastronomisch guten Lage. Empfehlung!"
review_667,hotel_585,90,Kleines Hotel  im 3. Stock  mit Fahrstuhl. Allerdings von Au√üen kein Hinweis auf das Hotel. Waren anfangs etwas verwirrt  haben dann kurz bei der Rezeption angerufen und wurden sofort reingelassen. Sehr gute Erreichbarkeit vom Flughafen mit Leonardo Express nach Termini  zu Fu√ü dann noch ca 15 Minuten bis zur Unterkunft. Kolosseum  Trevi Brunnen  Pantheon innerhalb 10-15 Minuten zu Fu√ü erreichbar. Wir haben haben nie Bus/ U Bahn in Rom benutzt  da alles fussl√§ufig gut vom Hotel aus erreichbar ist ( Petersdom/ Engelsburg ca 40 Minuten  Villa Borghese ca 30 Minuten) Zimmer hatten wir zum Innenhof  daher sehr ruhig. Insgesamt sehr klein  aber gem√ºtlich! Leider lie√ü sich Heizung im Zimmer nicht regulieren  daher nachts sehr warm- haben dann bei offenem Fenster geschlafen. Gutes  kleines Fr√ºhst√ºck  sehr nettes  freundliches Personal! Wir w√ºrden jederzeit wieder kommen und empfehlen dieses Hotel absolut weiter.
review_669,hotel_586,86,Die Unterkunft war kleiner als auf den Bildern zu sehen. Leider etwas schwer zu erkennen wo der Eingang ist  da nicht ausreichend beschildert (nur sehr klein). Da keiner an der Rezeption ist  ist es das erste Mal schwer in das Haus zu kommen. Uns hat zuf√§llig jemand die T√ºr ge√∂ffnet  sonst w√§ren wir nicht reingekommen. Der Schl√ºsselkasten(mit Code) innen ist nur mit M√ºhe zu √∂ffnen. Das Zimmer ist sauber und mit Klimaanlage und einem kleinen K√ºhlschrank ausgestattet. Es gibt einen F√∂hn im Badezimmer. Handt√ºcher sind ausreichend und werden bei Bedarf gewechselt. Kaffeetassen mit einer Kapsel Kaffe und Wasserflaschen sind bereitgestellt. Sehr wohltuend nach einer Reise. Das Hotel liegt nur ein paar Minuten entfernt vom Kolosseum. In nur einigen Minuten erreichbar  was toll ist. Es gibt genug Bars und Restaurants in der Umgebung und auch einen kleinen Supermarkt und gegen√ºber des Hauses haben wir einen Trinkwasserbrunnen entdeckt‚Ä¶ Alles in allem empfehlenswert.
review_671,hotel_587,84,Very friendly landlady  good communication  nice rooms  very good location and everything important is within walking distance. Great guest house.
review_673,hotel_588,70,Die Lage als Ausgangspunkt und der morgendliche Cappuccino ist gut.
review_675,hotel_589,94,Die Unterkunft ist von au√üen schwer zu sehen  wenn man kein Navi mit hat  da keine Schilder angebracht sind. Er wenn man durch die unteren T√ºren reinkommt sieht man beim Stiegenaufgang  dass es angeschrieben ist. Es ist relativ klein aber daf√ºr sehr sauber und nett eingerichtet. Die Lage ist perfekt man kann die meisten Sehensw√ºrdigkeiten zu Fu√ü in k√ºrzester Zeit erreichen. Es wurde jeden Tag das Zimmer gereinigt. Wir waren sehr zufrieden  wenn ich nochmal nach Rom komme  werde ich mir dieses Hotel wieder buchen.
review_677,hotel_590,88,Ruhiges Hotel mit fu√ül√§ufiger N√§he u.a. zum Colosseum  Trevibrunnen usw. Aber besonders hervorzuheben das sehr freundliche und hilfsbereite Personal  sei im Restaurant  am Empfang oder der Zimmerservice!
review_679,hotel_591,86,Il posto √® carino  per√≤ non ha camere con balcone. Stanza confortevole. √à stata l'occasione per scoprire il Rione San Saba che √® delizioso
review_681,hotel_592,90,Richtig sch√∂nes zentral gelegenes Hotel knapp 10 Min. Fu√üweg von Stazione Termini entfernt. Allerdings etwas ‚Äûversteckt‚Äú aber die Mitarbeiter geben einem dann die Anweisung wohin man gehen muss wenn man an der T√ºr klingelt. Unser Zimmer war ordentlich und ger√§umig ( 3 Bett Zimmer). Sehr gute Schallisolierung  somit auch erholsamen Schlaf gehabt. Personal ist sehr freundlich und zuvorkommend. In der ersten Nacht ging die Heizung nicht (bzw. es wird √ºber die Klimaanlage gek√ºhlt und geheizt) da war es etwas kalt und da ab 19:00 keiner mehr da ist haben wir die Nacht so √ºberstanden. Aber am n√§chsten Morgen als ich es an der Rezeption gesagt habe haben die sich sofort darum gek√ºmmert und alles ging wieder. Badezimmer  vor allem die Dusche k√∂nnte sauberer sein. Haarf√∂hn ist vorhanden (auch f√ºr sehr lange Haare geeignet )  genauso wie Duschgel und Shampoo. Slipper gibt es keine (vor allem im Winter ist es wichtig entweder Hausschuhe oder Dickere Socken mitzunehmen da der Boden recht kalt ist). Fr√ºhst√ºck gibt es aufs Zimmer (man kreuzt an was man haben m√∂chte) und auch das Fr√ºhst√ºck geht zwar aber es k√∂nnte besser sein. Jogurt mit Obst bedeutet ein fertig gekauftes Obst Jogurt im Becher (und kein Frisches Obst)  steht so nicht da. Kein Brot oder Br√∂tchen obwohl es Salami/Wurst und K√§se gibt  Warmer Sandwich ist gut. Kaffe& Cappuccino sowie Hei√üe Schokolade sind sehr gut! Alles in allem es ist eine tolle Unterkunft in die wir gerne wieder kommen werden!
review_683,hotel_593,94,Nettes Hotel  alles neu und gepflegt. Um in die Innenstadt zu kommen muss man gut zu Fu√ü sein  ca. 40 Minuten .
review_685,hotel_594,82,Super nett und freundlich. Coole Zimmer.
review_687,hotel_595,74,Great location (10' walk to Piazza Navona and 15' to St Peter). Great views on the Tiber river. Large  comfortable  stylish living room with open kitchen  large bedroom with ample closet space  rather large bathroom  small shower  generous toiletries. Sofa doubles as full size bed but it had crumbles under couch seats (when open) and mattres was not very ergonomic.
review_689,hotel_596,86,Insgesamt waren wir zufrieden mit der Unterkunft. Allerdings kamen wir eine Stunde nach dem offiziellen Check-in an und mussten deshalb nochmal 50‚Ç¨ mehr bezahlen  was ich etwas √ºbertrieben finde  da die Zimmerkarte im benachbarten Hotel an der Rezeption hinterlegt war und ich den Mehraufwand nicht gesehen habe. Des Weiteren waren wir jeden Tag ab sp√§testens 07:30 Uhr wach  da zwischen 07:00 Uhr und 07:30 Uhr das Fr√ºhst√ºck angerichtet wurde und wir somit durch lautes Besteck und Geschirrklappern geweckt wurden. Die T√ºren sowie auch die Fenster sind leider sehr d√ºnn‚Ä¶ Wenn dann die ersten G√§ste zum Fr√ºhst√ºck kamen  war man endg√ºltig wach.
review_691,hotel_597,84,Gute Lage
review_693,hotel_598,90,Die Unterkunft war sehr zentral. Man konnte das wichtigste zu Fu√ü erreichen. Die Zimmer waren sehr ger√§umig  sauber und hell. Ich w√ºrde es immer wieder buchen.
review_695,hotel_599,96,.
review_697,hotel_600,82,Wir konnten das Zimmer bereits vor der Check-in-Zeit nutzen.
review_699,hotel_601,94,Sehr nette Mitarbeiter  perfekte Lage  fast alles fu√ül√§ufig erreichbar  und tolle Rooftopbar!
review_701,hotel_602,84,Sehr gute Lage  etwas laut aber in Rom wird‚Äôs schwer ruhig und zentral was zu finden.Neben dem Hotel Marktplatz und einige Restaurants. Insgesamt sind wir sehr zufrieden mit dem Hotel.
review_703,hotel_603,94,Super sauber Super Personal Guuutes Fr√ºhst√ºck Top Lage G√ºnstig und trotzdem auf 4-Sterne-Niveau Anfang 2014 Komplettrenovierung/Sanierung fertiggestellt PERFEKT
review_705,hotel_604,88,Great location!
review_707,hotel_605,92,Das Hotel im 5. Stock kann gut √ºber den Aufzug erreicht werden. Zimmer und Bad waren ger√§umig und sauber. Die Klimaanlage funktionierte einwandfrei. Der Mann an der Rezeption war hilfsbereit. Den ganzen Tag √ºber konnte man Kaffee und Wasser kostenlos bekommen. Das Fr√ºhst√ºck war leider kaum abwechslungsreich und lieblos in einer Lunchbox / Pappschachtel verpackt. Dass die R√∂mer nur Kaffee und ein Croissant zum Fr√ºhst√ºck essen  ist bekannt. Aber es gibt viele leckere Varianten; hier gab es jeden Tag das gleiche und einfachste. Das ist sehr schade  denn abgesehen vom Fr√ºhst√ºck ist das Hotel ein sehr guter Ort f√ºr ein paar Tage in Rom.
review_606,hotel_606,88,Alles bestens!
review_608,hotel_607,94,An sich f√ºr 3 Sterne gut  fand es etwas schade  dass der Shuttle Bus nur 2x die Stunde gefahren ist. Zimmer von der Gr√∂√üe her Top. Pool leider nicht so viele extra Sitzm√∂glichkeiten  da nur ein Tisch da ist. Max Metro Station in der N√§he. Zimmer immer sauber gemacht und auch gestaubsaugt!
review_610,hotel_608,88,Ich hatte Einzelzimmer ohne Fr√ºhst√ºck gebucht. Beim Checkin wurde mir die Zubuchung von Fr√ºhst√ºck angeboten. Allerdings musste ich bemerken  dass mir f√ºr die beiden √úbernachtungen VIERmal Fr√ºhst√ºck berechnet wurde. Nach Reklamation wurde mir zwar der Betrag f√ºr 2 Fr√ºhst√ºcke zur√ºckerstattet. Damit wurde ich aber anscheinend von der Fr√ºhst√ºcksliste gestrichen  denn jeden Morgen wurde mir mitgeteilt  dass ich nicht beim Fr√ºhst√ºck angemeldet bin. F√ºhlt sich nicht gut an  wenn man so als Fr√ºhst√ºcksbetr√ºger angesehen wird. Zumindest nach der ersten Panne h√§tte man das hotelintern f√ºr den 2. Tag kl√§ren k√∂nnen! Zudem ist die Dusche sehr unkonventionell angeschlossen: beim Aufdrehen kommt das Wasser sofort aus der Regendusche. Will man sich nur mal die Beine abbrausen  ist man gleich mal von oben bis unten nass. Beim l√§ngeren Duschen stellte sich noch heraus  dass die Regendusche nur Heisswasser abgibt  keine Regulierung auf K√∂rpertemperatur m√∂glich! Dies alles sollte in einem 4-Sterne-Hotel besser funktionieren!
review_612,hotel_609,84,Service sehr gut aber Restaurant in vergleich sehr teur.
review_614,hotel_610,No Rating Found,Stay is good and just perfect
review_616,hotel_611,92,alles Gefallen.
review_618,hotel_612,82,Es ist ein sch√∂nes Hotel unten der Haupteingang einfach nur sch√∂n das Personal sehr nett und hilfsbereit ‚Ä¶ kommt man dann ins Zimmer sieht man paar M√§ngel Teppich war befleckt das Bad war an den W√§nden etwas mit Schimmel befahlen und die Bad Armaturen waren nicht fest. wir haben f√ºr drei Personen bezahlt und ein Zimmer bekommen mit einem King Bett  ich frag mich wie wir alle drei darin schlafen sollten ! das Hotel hat uns aber schnell noch ein Ersatz Bett geholt nach dem wir uns beschert haben ohne weitere Kosten ‚Ä¶ Expedia war der Meinung das ich zugestimmt habe und es so sein sollte  da ich Kinder eingehen habe mit dem Alter von 12 und 13 Jahre wollte Expedia mir nicht weiter helfen !!
review_620,hotel_613,92,Eine absolute Oase der Ruhe inmitten einer lauten Stadt. Einfach sehr sch√∂n. Man sollte versuchen ein Zimmer oben auf dem Dach zu bekommen. Herrlich !!!!
review_622,hotel_614,68,It was a terrible such service provider should not be a partner to hotels. Com as they corrupted the reputation name of thier parents The management need to be trained about customer care service. loyalty . honesty and so on she does not have human manner and work ethics / moral the way she speaks to customer they given to customer   often in a deliberate attempt to make them believe something which is not true with my friends we disappointed that is why we canceled staying in Dubai and buck to abudhabi that night as the cancelation policy was non refundable
review_624,hotel_615,88,I had a fantastic stay at Hotel Sonder Business Bay in Dubai. The hotel is modern  clean  and perfectly located. The standout was the exceptional service from the manager  Sophia  who was incredibly accommodating and helpful during our stay. Highly recommend!
review_626,hotel_616,No Rating Found,Stay is good and just perfect
review_630,hotel_618,10,Fantastic hotel  fantastic staff. For me it was the perfect location in old Dubai. The whole experience of staying in the Arabian Boutique Hotel was made all the better because of Ahmad and all his staff. Every single member of staff was amazing. I ate in the restaurant most days because I thought the food was excellent. If you are looking for the glitz of a Dubai Hotel with a pool in your room or 400 tv channels  then this isn't for you. This hotel is for people who want to be in the heart of the old town and who value contact with staff and locals. The hotel is spotlessly clean the bed was incredibly comfortable  the bathroom was great  everything you needed. Overall for me  it was Ahmad and his staff who made my 7days in the hotel something I will never forget. I felt like I was invited to stay in his home rather than a hotel and I could ask for anything more from these fantastic people. I loved every second of my stay.
review_632,hotel_619,90,Das Al Seef Heritage Hotel ist eines meiner Lieblingshotels in Dubai. Die Lage im historischen Viertel mit vielen Shops und M√∂glichkeiten zum Essen und Trinken laden zum Verweilen ein. Es ist nicht zu √ºberlaufen und liegt direkt am Creek. Zur Metro sind es etwa 15 min zu Fu√ü  von dort kommt man schnell in die Stadt oder zum Flughafen. Dubai ist eine tolle Stadt und gibt immer was neues zu entdecken. Es wird nicht mein letzter Besuch sein.
review_634,hotel_620,54,Stay is good and just perfect
review_638,hotel_622,No Rating Found,Stay is good and just perfect
review_640,hotel_623,56,All rooms are dirty and badly smelly.We paid for breakfast but it was same food all the time  server was very rude to us. It‚Äôs impossible to sleep at night cause of noise from outside of the street. People are walking around the rooms all the time. I don‚Äôt recommend this place to anyone. Pay a little more but stay away from this place.
review_642,hotel_624,72,Disco im Haus  lauter Bass bis zwei in der Fr√ºh  Fr√ºhst√ºck total √ºberf√ºllt von Indern  kein Platz zum Sitzen  Fr√ºhst√ºck kleine Auswahl  Personal sehr freundlich und hilfsbereit
review_644,hotel_625,68,Nette Hotelteam Fr√ºhst√ºck nicht so lecker u.einfach Badezimmer alt Zimmer okay
review_646,hotel_626,88,Qualitaet des Hotel Managements und des Fruehstuecks hat im Vergleich zu vor 5 Jahren stark nachgelassen.
review_648,hotel_627,88,Das Hotel allgemein war v√∂llig in Ordnung. Verschiedene √∂ffentliche Verkehrsmittel sind ein paar Minuten entfernt. Die Service und das Personal waren absolut hervorragend.
review_650,hotel_628,82,Wir haben uns im Hotel Arabian Courtyard wohl gef√ºhlt. Es gab ein paar kleine Abstriche: einmal wurde das Zimmer nicht gereinigt und auch die Betten nicht gemacht. Das Bad war teilrenoviert h√§tte aber eine neue Wanne verdient. Das Fr√ºhst√ºck in der Executive Lounge war ok  das Brot sehr trocken (wir haben dann lieber darauf verzichtet)  Obst kam zum grossen Teil aus der Dose  Yoghurt gab es nicht jeden Tag... Abends waren die Snacks in der Lounge absolut ent√§uschend. Es gab immer irgendetwas auf Salatgurke... ein wenig Kuchen und jede Menge Fruchtfliegen... Aber die Betreuung in der Lounge war nichtsdestotrotz ganz hervorragend  vielen Dank an Maureen  die eine Bereicherung f√ºr jedes Hotel ist! Durch die architektonische Gestaltung der offenen Halle  schallte L√§rm bis in den 7.ten Stock... Aber die Lage des Hotels ist sehr gut und die Angestellten absolut reizend.
review_652,hotel_629,90,F√ºr einen kurzen Zwischenstopp gut geeignet
review_654,hotel_630,86,Wir waren Silvester 2023/24 in Dubai und haben uns auf ein traditionsreiches Passagierschiff einquartiert. Der historische Charme des Schiffes  war leider das Einzige  was uns positiv von der Unterkunft in Erinnerung blieb. Die prachtvolle Eingangshalle hat Lust auf mehr gemacht. Leider wurden wir von sehr lauten und hellh√∂rigen Zimmern entt√§uscht. Wir mussten 3mal das Zimmer wechseln. Der Wechsel lief allerdings problemlos und sehr freundlich. Die L√ºftung des Schiffes und der Fernseher der Nachbarzimmer ist in allen Zimmern sehr st√∂rend. Es waren einige Teile de Schiffes gesperrt  sodass es keine M√∂glichkeit gab eine Sonnenliege zu nutzen und einen Spaziergang im Freien zu machen. Sonst gab es keinerlei Unterhaltungsm√∂glichkeiten auf dem Schiff. Das Gym und der Pool sind im Unterdeck schwer zu finden. Die fensterlose Einrichtung war sehr lieblos und ungem√ºtlich (gruselig). Der Fr√ºhst√ºcksaal war sehr in die Jahre gekommen/unmodern. Das Fr√ºhst√ºck bot keinerlei Abwechslung und war absolut √ºberteuert. Der Shuttleservice war vorhanden aber mit 10 vorhandenen Sitzpl√§tzen ein Witz. Im Urlaub haben wir keine Lust auf Sitzstreit und haben uns immer ein Taxi bestellt. In der n√§he des Schiffes ist nichts zu Fu√ü erreichbar. Das sollte man beachten. Ein angepriesener Shuttleservice zu einem traumhaften Strand f√ºhrte uns zu einem lost place mit Wasserzugang. Die Einrichtung soll 2024 abgerissen werden. Fazit: Schiff von au√üen extrem beeindruckend und wundersch√∂n  von innen eine Entt√§usc
review_656,hotel_631,No Rating Found,Stay is good and just perfect
review_658,hotel_632,76,Funcion√°rio prestativos  f√°cil acesso a todos os lugares com metr√¥ praticamente na porta .
review_660,hotel_633,86,Ein tolles Hotel mit vielen M√∂glichen zum Eink√§ufen  Erholen   Wellness. Das Fr√ºhst√ºck war hervorragend. Alles frisch zubereitet. Toller Service.
review_662,hotel_634,64,Lauter Schacht f√ºr Klimaanlagen  nasses Bad  viel zu kleine Badelatschen  morgens sehr laute Anlieferung in der Stra√üe. Viel zu teuer! Knapp 90 ‚Ç¨ ohne Fr√ºhst√ºck. Das gibt's woanders in Dubai besser! In Deutschland w√§re das eine Absteige f√ºr max. 30 ‚Ç¨. Okay: das Essen und das Personal  hilfsbereit 24 Pr√§senz.
review_664,hotel_635,80,- Very helpful and kind staff. - Excellent location. - Facilities and furniture very dated... - Cleanness is just ok. - Pool area needs an urgent upgrade. - Food is good  but breakfast get super crowded and noisy. - It is definitely more a 3-4 star hotel  not a 5 star in Dubai.
review_666,hotel_636,94,Tolles Hotel mit einem klasse Service. In wenigen Minuten ist man zur Metro oder zur Dubai Mall inkl. Burj Kalifa gelaufen  von wo es in alle Richtungen weitergeht. Einziger Kritikpunkt ist der europ√§ische Teil des riesigen Fr√ºhst√ºcks. Hier h√§tte ich mir vielleicht 2 Wurstsorten mehr gew√ºnscht. Wir werden ganz sicher wieder nach Dubai gehen und auch sicher wieder ins Taj Dubai :-)
review_668,hotel_637,60,fleas and bugs in bed flies in room without a window to open  strange smell... checking out 15 minutes after my check in... book me than an ibis and go there by metro ....
review_672,hotel_639,88,Sehr sch√∂ne Unterkunft.
review_674,hotel_640,66,Stay is good and just perfect
review_676,hotel_641,74,Very good location for shopping  food and transports
review_678,hotel_642,60,Staff very kind
review_680,hotel_643,88,everything fine
review_682,hotel_644,82,Gute Lage
review_684,hotel_645,84,Es gibt ein Disko ins Hotel und mach mal man h√∂rt in der Nacht  es ist der einzige Nachteil von dieses Hotel  ansonsten  sehr ruhig und gut .
review_686,hotel_646,68,Nette Hotelteam Fr√ºhst√ºck nicht so lecker u.einfach Badezimmer alt Zimmer okay
review_688,hotel_647,80,Sch√§biges Hotel. Braucht dringend eine Renovierung. Wird √ºberwiegenden von Low Budget Afrikanern gebucht. Hat √ºberhaupt nichts mit Urlaub zu tun. Geht da auf gar keinen Fall hin.
review_690,hotel_648,72,Stay is good and just perfect
review_692,hotel_649,92,Komfortabel  entspricht die Erwartungen  Fr√ºhst√ºck sollte f√ºr Europ√§er vielleicht verbessert werden. Zentral Lager n√§he zur U-Bahn und zur Mall Burjuman   viele Restaurants in der n√§he .
review_694,hotel_650,88,Tip top  da gibt kein bisschen auszusetzten. Sehr neues  stylishes Hotel mit hilfsbreitem Personal. Strategisch g√ºnstig an einer Metro-Station gelegen. Der coole Pool auf dem Dach rundet die Sache ab. Mega Preis-Leistungs-Verh√§ltnis!
review_696,hotel_651,82,Overall was comfortable with a few small resolved and none resolved issues which could be forgettable and understandable due to none very important issues.
review_698,hotel_652,80,Es ist ein sauberes Hotel im Teil Deira von Dubai. Nettes Personal. Alles ok. Fr√ºhst√ºck war auch ok
review_700,hotel_653,60,„ÅØ
review_702,hotel_654,88,Das Hotel ist in absolut zentraler Lage und hat einen ausgezeichneten Zimmerservice  was den Aufenthalt sehr angenehm macht. Die Poolanlage ist ebenfalls ein Highlight. Allerdings merkt man  dass das Hotel etwas in die Jahre gekommen ist  man sieht es an der Einrichtung oder allgemeinen Abnutzung. Insgesamt ein empfehlenswerter Ort mit kleinen Schw√§chen im Bereich Modernisierung.
review_704,hotel_655,44,It‚Äôs was great
review_706,hotel_656,80,Das war sehr gute und angenehmer Unterk√ºnfte
review_708,hotel_657,78,positive: 1- very central. 2- easy access to Metro. 3-very good hours for breakfast 6:30 to 10:30. 4- nice fitness area 5- friendly personnel 6- great view of Emirates Towers and Museum of the Future negative: 1- breakfast area too small for rush hour 9:00 to 10:00  2- WiFi problems occasionally 3- traffic on main road was noticeable starting around 6:30am
review_710,hotel_658,94,Very nice  well-equipped and modern hotel with sleek design and a touch of humor. Great location some 15 minutes from the airport  directly next to a metro station and a superb seafood restaurant :-) . 24h small supermarket in-house  swimming pool & gym  decent-sized quiet rooms with comfortable bedding. Free water provided in glass bottles. Very friendly and helpful staff. Overall  absolutely recommended - I'd book again anytime. The icing on the cake would be if the free airport shuttle could run every 30 minutes instead of hourly...
review_712,hotel_659,88,Beim Studio mit K√ºche solle es m√∂glich sein die Fenster wenigsten zur H√§lfte zu √∂ffnen. Das war leider nicht m√∂glich. Ansonsten alles OK. Betten  Bad  Klimaanlage alles Tip Top.
review_714,hotel_660,68,Unacceptable stay infested apartments dirty floors baths rooms beddings as well infested cockroaches all over the property I have attached photos hotel seeks dream far fetched from what you see online photos uninhabitable I‚Äôm requesting a full refund also claim to have parking this is a lie
review_716,hotel_661,80,F√ºr mich sind es 2 bis maximal 3 Sterne. F√ºr 1-2 N√§chte ist es OK. Dass Hotel ist schon in die Jahre gekommen und br√§uchte eine Renovierung / Sanierung. Auf jedenfalls kein Best Western Standard.
review_718,hotel_662,80,Nice Hotel with nice Rooms! Good Place to enjoy!
review_720,hotel_663,68,.
review_722,hotel_664,92,Das Personal ist √ºberhaupt nicht zuvorkommend. Wir sind um 2 Uhr morgens angekommen und mussten deshalb einen ganzen Tag extra bezahlen. Ich h√§tte mir gew√ºnscht  dass mir ein Fr√ºhzeitiger Check In erm√∂glicht wird und ich nicht den vollen Preis f√ºr den Tag bezahlen muss. Au√üerdem musste ich dann auch noch das doppelte des Preises bezahlen den ich bei Expedia gezahlt h√§tte. Frau Hazel an der Rezeption ist ein Reinfall! Service allgemein und im Fr√ºhst√ºck Bereich keine f√ºnf Sterne wert. Dieses Hotel verdient h√∂chstens drei Sterne.
review_724,hotel_665,64,Da die Reisezeit im Winter war war es auch angenehm Abends mal noch schnell kleine Eink√§ufe zu machen. Genauso war der kurze Fussweg zu einer der Metrostationen angenehm.
review_726,hotel_666,92,Das Hotel ist einfach wunderbar. Man f√ºhlt sich fast so  als w√§re man der einzige Gast. Das Personal ist einfach unglaublich freundlich und zuvorkommend. Das Appartement ist sch√∂n ger√§umig und wird jeden Tag hervorragend gereinigt. Das Fr√ºhst√ºck ist sehr gut  hier wird man jeden Tag aufs neue verw√∂hnt. Der Pool ist nicht gro√ü  aber sch√∂n auf dem Dach gelegen  mit herrlichem Ausblick. Vom Hotel bekommt man einen Tag kostenlosen Zugang zum Jumeirah Beach  der Strand dort ist wundersch√∂n. Von Einheimischen bekamen wir best√§tigt  dass dieses Hotel ein Geheimtipp ist und eines der besten in Dubai  was Preis/Leistung angeht. Wir w√ºrden jederzeit wieder dorthin kommen. Einziger ganz kleiner Wehrmuts-Tropfen  der Weg bis zur Metro ist etwas umst√§ndlich und zieht sich hin. Aber wir h√§tten auch mit dem Taxi √ºberall hin fahren k√∂nnen  die Taxipreise sind niedrig. Wir m√∂chten uns beim Hotel ganz herzlich f√ºr die gro√üe Gastfreundschaft bedanken. Wir haben selten einen so guten Service erlebt.
review_728,hotel_667,60,„ÅØ
review_730,hotel_668,84,Es war eine hervorragende unterkunft   jederzeit wieder. Sauberkeit   freundlichkeit   alles perfekt . Lage an der metro station .sehr sch√∂nes schwimmbad . Alles bestens .
review_732,hotel_669,90,Everything was fine
review_734,hotel_670,66,Das Ascot Hotel ist die Wurzel des danebenliegenden Royal Ascot Hotel und mit selbigen verbunden. Zwar ist das Hotel bereits 30 Jahre alt (weswegen vermutlich auch das Royal Ascot gebaut wurde) und man merkt es dem Haus an kleinen Stellen an  doch alles in allem ist es vollstens in Ordnung und Sauber! Das Zimmer war gross. Zwar ging der Ausblick seitlich auf das Royal Ascot  doch da aufgrund der Sonne (und 44 Grad Aussentemperatur) sowieso moeglichst wenig Waerme ins Zimmer kommen sollte  blieb der Vorhang verschlossen. Mein Zimmer lag in der dritten Etage  weswegen ich mich meinen Vorschreibern nicht anschliessen kann  dass das im Erdgeschoss befindiche Irish Pub mich um die Nacht gebracht haette. Das Fruehstuck gab alles her  was ein Buffet haben sollte  allerdings sahen einige Sachen nicht mehr allzu frisch aus. Doch die Auswahl ermoeglichte einen einfach Wechsel auf andere Leckrigkeiten. Besonders hervorheben kann ich die Tatsache  dass ich bereits um 7am auf mein Zimmer konnte  weil mein Flug bereits um 4:30am angekommen war.
review_736,hotel_671,40,I booked two rooms for two days. It was my worst experience in the room. When I went to the shower  there was no towel. The bathrooms were dirty  and the furniture had wet paint. We vacated early in the morning and canceled the other night. I am requesting you to refund my money.
review_738,hotel_672,88,Alles bestens!
review_740,hotel_673,64,Total dreckiges hotel mit einem sehr unfreundlichen personal an der rezeption welcher nichtmal bereit war uns einen parkplatz zu stellen oder hilfe anzubieten  zus√§tzlich gab es kein klopapier und nur 1 kleines handtuch f√ºr 2 personen  daf√ºr aber ein benutztes kondom in der schublade und essensreste auf dem tisch und haare im bett. Nicht empfehlenswert  nie im leben.
review_742,hotel_674,96,Tolles  aufmerksames Personal. Fantastische Aussicht auf die Skyline von Dubai. Das Fr√ºhst√ºck l√§sst keine W√ºnsche offen.
review_744,hotel_675,74,f√ºr 4 N√§chte ok: sehr gro√ües  sauberes  ruhiges  etwas dunkles Zimmer mit Kochnische. 10 Minuten zu Fu√ü zur Haltestelle der Touristenbusse  kleine Gesch√§fte und Restaurants in der N√§he.
review_746,hotel_676,88,Great Hotel for Kids!!
review_748,hotel_677,94,Ich war jetzt das 4te mal in diesem Hotel. An den Zimmern merkt man das es in die Jahre kommt. Ansonsten ist alles sehr gut. Fr√ºhst√ºck ausgezeichnet. Gro√üe Auswahl. Personal ausgezeichnet. Es wird sich um alles gek√ºmmert. Sehr sch√∂ner Aufenthalt
review_750,hotel_678,88,Perfekt als Stadthotel  Al Seef gut zu erreichen  toller kleiner Pool und perfekter Service. √úber die doppelte Beschallung vom Doors und Skafos sollte man nachdenken. Wir kommen gerne wieder.
review_752,hotel_679,64,Good location and convenient
review_754,hotel_680,80,Super service
review_756,hotel_681,72,Only stayed one night. However there is no hot water and the sink was clogged
review_758,hotel_682,68,It is a run-down hotel with a moldy bathroom  cobwebs behind the bathroom doors  and a chaotic breakfast area. The reception service was ok but not professional. Check-in was delayed by 30 min as the room was not ready. I will not recommend this place to any business traveler.
review_760,hotel_683,88,Die Zentrale Lage und N√§he zur Metro.
review_762,hotel_684,62,Stay is good and just perfect
review_764,hotel_685,86,Schlichte Unterkunft  aber vollkommend ausreichend. Modern und sauber. Leider 1km bis zur Metrostation  macht die Reise mit √ñffis etwas beschwerlich. Viele Leute beim Fr√ºhst√ºcksbuffet. Buffet und Getr√§nke an sich aber gut. Umgebung super (Al Seef).
review_766,hotel_686,50,Das schlimmste Hotel wo ich je war!!!! Alles dreckig  der Boden klebte  der Boden war kaputt sprich die Fliesen! Alles Katastrophal! Eine Nacht und niewieder!!!! Am Ende wo ich weg wollte hat man mir ein Privat Taxi gerufen  es war bestimmt sein Freund! 170 dhm genommen f√ºr 15 min fahrt!
review_768,hotel_687,86,Insgesamt war ich zufrieden: freundliches Personal  sauberes und gro√üz√ºgiges Zimmer  gute Wlan-Verbindung. Nur ein paar Minuten zu Fu√ü von einer Metro-Station. Allerdings ein paar Minuspunkte: - K√ºhlschrank im Zimmer war relativ laut - manchmal komische Ger√§usche nachts (als ob es nachts geputzt wurde) - Kaffee/Milch/Wasser wurden nicht nachgef√ºllt. Duschgel/Shampoo/Seife nicht jeden Tag. - Am Pool wurden morgens frische Handt√ºcher auf den St√ºhlen gelegt und nicht nach jedem Gast ausgetauscht - Pool wurde aufgrund des Freitagsgebets f√ºr 90 Minuten geschlossen  auch f√ºr Nicht-Muslime. Bin schon ein paar Mal in Dubai gewesen und hatte es noch nie so erlebt.
review_770,hotel_688,No Rating Found,Stay is good and just perfect
review_772,hotel_689,90,Das Hotel an sich ist sehr sauber und der Service ist toll
review_774,hotel_690,70,Ich habe vier Naechte zusammen mit meinem Partner im Manhattan Hotel verbracht. Das Hotelpersonal war unterschiedlich im Verhalten zu den Gaesten. Wir hatten aber ingesamt den Eindruck  als Gaeste nicht wirklich wichtig zu sein. Obwohl das Zimmer fuer zwei Personen gebucht war  befand sich nur ein Handtuchset im Zimmer. Nach insgesamt drei Nachfragen und mehr als einen Tag nach Ankunft  wurden endlich weitere Handtuecher zur Verfuegung gestellt. Besonders aegerlich war der erhebliche Laerm waehrend der Nachtstunden (bis ca. 1-2 Uhr am Morgen)  der von zwei Bars im Erdgeschoss ausgeht. Obwohl unser Zimmer im sechsten Stock lag (bei ingesamt sieben Stockwerken) hat das die Nachtruhe erheblich beeintraechtigt. Sehr befremdlich fanden wir auch  dass uns beim Einchecken bedeutet wurde  dass wir aufgrund unserer unterschiedlichen Staatsangehoerigkeit nicht in einem Zimmer untergebracht werden koennten  zumal wir keine Heiratsurkunde vorlegen konnten. Nach einigem Hin und Her wurde uns dann dennoch der Schluessel ausgehaendigt.
review_776,hotel_691,92,Zimmer war sehr sauber und gepflegt. Modern eingerichtet und modern. War Wohlf√ºhlatmosph√§re. Personal war sehr freundlich und zuvorkommend. Fr√ºhst√ºck war gut.
review_778,hotel_692,62,Leider Personal ist unfreundlich. Sonst ist alles OK
review_780,hotel_693,78,I and two of my fellow travelers booked this hotel. We arrived at the hotel at 24:00 and because the room was not ready  we waited until 01:00. Because we were tired  we fell asleep early  but at 06:00 in the morning we woke up with the sound of a car horn on the street. We found out that the room has no window. We spent a very difficult day in this hotel.
review_782,hotel_694,66,Summit Hotel ist empfehlenswert  Supermarkt in der N√§he  unsere Aufenthalt war ohne Fr√ºhst√ºck. Metro ca. 12 Minuten zu Fu√ü.
review_784,hotel_695,80,Es ist zentral gelegen. Man hat viele Einkaufsm√∂glichkeiten. Man ist sozusagen in der Mitte zwischen neu und alt Dubai. Das Essen in unserem Fall das Fr√ºhst√ºck war nicht nach westlicher Richtung au√üerlegt. Da das Hotel bzw die Kette indisch ist muss man sich auf die gew√ºrzten Speisen einlassen. Leider habe ich es nicht vertragen und lag zwei Tage au√üer Gefecht. Wie gesagt vertr√§gt man es ist es okay. Wir hatten am dritten Tag einen ungebeten Gast im Zimmer. Es war eine K√ºchenschabe was ein no go f√ºr mich ist.Aber was soll es.
review_786,hotel_696,72,Best place
review_788,hotel_697,96,The overall service commitment from Front desk up to the restaurant ist bad. Breakfast buffet at 8AM won‚Äôt be refilled. Bad Service  but they expect prepayment at checkin. Rooms (toilets) weren‚Äôt cleaned up at checkin.
review_790,hotel_698,94,Perfektes Hotel mit Blick auf den Burj Khalifa Sehr nettes Personal  gutes Essen Club Lounge perfekt und sehr empfehlenswert
review_792,hotel_699,74,Forward rooms are next to a 6 lane road and there is a night club at the top floor playing loud music. Hotel is old. People are great  though.
review_794,hotel_700,86,The service of the hotel was excellent  everybody was very polite and friendly. Big and comfortable bed  nice kitchenette and a spacious room. Our wifi router didn't work on the first day and it was made a priority to find a solution as soon as possible - which they did. Big thanks for that. Definitely recommend staying at this hotel!!
review_796,hotel_701,82,Staying in Al Rigga since years when a stop over is due. Easy acces by Metro to hotel. Great breakfast busset for approx 10 USD. Helpful team there. Will stay again.
review_798,hotel_702,88,Isot siistit huoneet  kylpp√§riss√§ mm. hammasharjat ja muut tarpeelliset tuotteet. K√§velymatkan p√§√§ss√§ ravintoloista  kauppoja l√§hell√§. Yst√§v√§llinen palvelu ja henkil√∂kunta.
review_800,hotel_703,88,Good
review_802,hotel_704,74,Standort war sehr gut. Mit Personal nichts zutun gehabt.aber sind nette Leute. Zimmer war immer sauber.pool war sauber . Pool meister ear war super freundlicher.
review_804,hotel_705,82,Alles vond ik wel tussen voldoende en goed  maar de house keeping geef ik een onvoldoende! Ik vond dat de kleed helemaal niet gestofzuiger werd de touwtjes   stof of haren lagen precies op zelfde plek! De concierge waren wel behulpzaam.
review_806,hotel_706,96,We had a great stay at Al Bandar Rotana hotel. Staff were friendly  and always run the help and support during our 12 night stay. Location was perfect for us  also there are 3 route bus route available free at hotel which was save Timeand money.
review_808,hotel_707,90,Super toller aufmerksamer Service. Sch√∂ne Rooftop-Poolanlage.
review_810,hotel_708,70,‚ÄúI was really disappointed with the hotel room service during my stay. First  there was no hot water in the shower  which made for a very uncomfortable experience. The TV didn‚Äôt work properly either  making it hard to relax in the room. I also requested ice  but they completely forgot about it. Overall  the service was subpar and didn‚Äôt meet my expectations. I hope the hotel can address these issues for future guests.‚Äù
review_709,hotel_709,92,Wir hatten das Hotel als Zwischenstopp auf dem Weg zu den Niagarafalls f√ºr eine Nacht gebucht. Das Hotel macht einen sehr gepflegten  sehr sauberen und neuen Eindruck. Die Zimmer empfanden wir als ausreichend gro√ü. Eine sehr laute Klimaanlage und nur m√§√üig bequemen Betten  tr√ºbten den Blick ein wenig. Das complementary Breakfast war ok. Alles in allem ein empfehlenswertes Hotel.
review_711,hotel_710,76,Awful place do not stay here. It was empty and obvious why
review_713,hotel_711,82,We had a problem with the bathroom door locking when we closed the door. It looked like it had an issue previously because the door handle looked like it was popped off. When we arrived it was so cold in the room  it took a few hours to warm the room up. I understand trying to save hydro but this was a huge problem because we had to leave to get it warm. It was warm enough around 7ish to take our winter jacket off. This is my second time to this inn. The staff is always fantastic  helpful and pleasant to talk to.
review_715,hotel_712,78,The door to my room didn't work properly but I was told it was a known issue. Apparently known issues don't get resolved at this hotel
review_717,hotel_713,86,Modern und sauber. Freundliches Personal. Das Motel liegt ruhig aneignet Einfallsstrasse.
review_719,hotel_714,94,Great property. Newly renovated rooms. Only 1 chair and only a small trash can. Adding a small table and microwave would be great additions!! Property is located on the snowmobile trails. Will be staying here in future trips!!
review_721,hotel_715,82,Its ok
review_723,hotel_716,80,very nice and respectful people and amazing rooms !!
review_725,hotel_717,66,bathtub couldnt holwwater ice machine broke pool closed
review_727,hotel_718,84,The front receptions was fantastic. She was friendly and informed use there was a shuttle to nearby sports bar. The shuttle driver was amazing driped us off and picked us up no waiting friendly and made us very comfortable .He made our stay memorable
review_729,hotel_719,90,The hotel was most definitely the cleanest iv been to. The staff was very nice! The breakfast was amazing! There was choices for everyone! Most importantly everything was very clean and the staff were amazing
review_733,hotel_721,92,Leider hatte ich zu wenig Zeit  um dieses sehr sch√∂ne Hotel etwas mehr zu genie√üen.
review_735,hotel_722,92,Very friendly staff
review_737,hotel_723,88,Das Personal war sehr freundlich. Die Zimmer sehr sauber! Die Einrichtung ist ziemlich in die Jahre gekommen  die Klimaanlage so laut  dass man sie √ºber Nacht ausschalten muss.
review_741,hotel_725,72,It was nice and clean and I would stay there again. I just wish they have more queen beds me and my husband are rollers and tossing and turning was funny a hell. But good.
review_743,hotel_726,92,Die Zimmer im dritten Stock waren noch die √§lteren. Ansonsten alles gut.
review_745,hotel_727,94,Excellent
review_747,hotel_728,80,Very nice and quiet
review_749,hotel_729,80,We always stay here...its well located and safe. Staff is nice and helpful. Haply to go back to this Ramada in Watertown!
review_755,hotel_732,70,Service was excellent  room was clean  bed was comfortable and the rate was great. What more can you ask for!?
review_757,hotel_733,98,Would recommend to everyone
review_759,hotel_734,No Rating Found,Stay is good and just perfect
review_761,hotel_735,No Rating Found,Stay is good and just perfect
review_763,hotel_736,No Rating Found,Stay is good and just perfect
review_765,hotel_737,No Rating Found,Stay is good and just perfect
review_767,hotel_738,No Rating Found,Stay is good and just perfect
review_769,hotel_739,No Rating Found,Stay is good and just perfect
review_771,hotel_740,10,Stay is good and just perfect
review_773,hotel_741,No Rating Found,Stay is good and just perfect
review_775,hotel_742,No Rating Found,Stay is good and just perfect
review_779,hotel_744,No Rating Found,Stay is good and just perfect
review_781,hotel_745,70,Stay is good and just perfect
review_783,hotel_746,No Rating Found,Stay is good and just perfect
review_785,hotel_747,No Rating Found,Stay is good and just perfect
review_787,hotel_748,No Rating Found,Stay is good and just perfect
review_789,hotel_749,96,Stay is good and just perfect
review_791,hotel_750,90,Stay is good and just perfect
review_793,hotel_751,No Rating Found,Stay is good and just perfect
